OrderID,ReturnDate,ProductID,ReturnQty,RefundAmount
1023423,2024-11-18,1015,1,90.97
1005625,2024-03-30,1023,1,72.95
1028406,2025-02-03,1032,2,95.08
1020623,2024-10-11,1006,1,85.75
1008970,2024-05-09,1009,1,77.14
1041033,2025-06-21,1032,3,150.54
1039666,2025-05-30,1027,2,136.02
1028495,2025-01-24,1020,1,29.43
1038929,2025-05-19,1007,1,66.42
1005090,2024-03-19,1032,1,50.18
1022806,2024-10-29,1033,1,108.72
1012117,2024-06-10,1011,1,28.73
1002716,2024-02-21,1039,1,79.01
1017714,2024-08-15,1022,2,140.1
1039445,2025-05-29,1026,1,85.97
1011423,2024-06-08,1020,2,52.98
1019872,2024-09-29,1004,3,111.33
1020145,2024-09-19,1017,2,128.16
1038933,2025-05-19,1027,1,72.01
1041299,2025-06-16,1018,1,59.15
1005868,2024-03-20,1020,2,58.86
1039200,2025-06-02,1017,1,64.08
1013535,2024-06-17,1031,2,72.14
1012874,2024-06-20,1020,1,29.43
1029692,2025-02-04,1025,1,99.99
1023920,2024-11-19,1012,2,19.24
1007445,2024-04-12,1016,3,355.98
1041122,2025-06-24,1032,2,89.8
1026415,2024-12-25,1023,1,72.95
1001814,2024-02-07,1026,2,180.98
1038779,2025-05-20,1019,1,20.68
1034000,2025-04-03,1013,1,108.93
1012686,2024-06-19,1003,2,198.76
1019508,2024-09-09,1008,1,45.67
1008838,2024-04-24,1003,1,116.92
1017904,2024-08-12,1007,3,199.26
1028147,2025-01-27,1001,1,68.13
1016649,2024-08-04,1032,3,158.46
1036615,2025-05-04,1022,2,155.66
1003240,2024-02-20,1018,2,131.44
1002521,2024-02-02,1015,1,86.42
1018772,2024-09-10,1017,1,64.08
1016749,2024-08-09,1009,1,81.2
1023715,2024-11-20,1029,2,20.28
1001548,2024-01-23,1027,2,144.02
1013632,2024-06-19,1028,1,40.8
1024598,2024-11-28,1031,2,72.14
1025648,2024-12-11,1028,1,42.95
1027908,2025-01-25,1008,2,86.78
1037818,2025-05-09,1006,1,90.26
1007406,2024-04-20,1017,1,64.08
1014232,2024-07-04,1025,1,105.25
1034366,2025-04-13,1013,1,103.48
1022477,2024-11-03,1014,1,90.13
1026983,2024-12-31,1008,1,45.67
1017258,2024-08-23,1025,2,210.5
1019567,2024-09-25,1004,1,41.23
1040238,2025-06-17,1022,1,77.83
1026772,2025-01-12,1017,1,64.08
1030202,2025-02-19,1012,1,10.69
1001515,2024-01-26,1008,2,82.2
1019021,2024-09-14,1035,1,13.67
1040552,2025-06-25,1005,1,89.02
1030777,2025-02-19,1019,3,65.31
1030639,2025-02-15,1034,1,41.07
1037861,2025-05-22,1025,2,210.5
1029360,2025-01-28,1017,1,60.88
1029499,2025-01-30,1004,1,41.23
1021320,2024-10-06,1012,1,10.69
1006610,2024-04-02,1026,1,81.44
1032704,2025-03-15,1001,2,143.44
1021810,2024-10-18,1027,1,80.01
1027652,2025-01-22,1009,1,81.2
1002793,2024-02-08,1035,2,27.34
1019781,2024-09-09,1005,1,89.02
1015111,2024-07-08,1025,1,105.25
1000844,2024-01-13,1031,1,36.07
1038768,2025-06-01,1015,1,90.97
1004995,2024-03-16,1019,2,43.54
1001597,2024-02-01,1039,1,79.01
1032635,2025-03-23,1017,1,64.08
1036226,2025-04-30,1022,1,77.83
1034468,2025-04-10,1009,3,243.6
1031106,2025-03-08,1029,1,10.14
1039901,2025-06-16,1002,1,112.35
1026869,2025-01-13,1017,3,192.24
1007877,2024-04-27,1035,1,12.99
1039255,2025-05-27,1019,2,39.18
1018008,2024-08-22,1031,1,36.07
1010786,2024-05-18,1011,2,54.58
1000901,2024-01-27,1013,2,206.96
1025773,2024-12-12,1011,2,57.46
1001290,2024-01-22,1030,2,159.48
1019311,2024-09-10,1026,1,90.49
1040158,2025-06-04,1002,1,106.73
1012399,2024-06-06,1012,2,20.32
1009561,2024-05-14,1032,2,100.36
1003387,2024-02-19,1022,1,70.05
1016342,2024-07-31,1033,1,108.72
1016702,2024-08-01,1040,1,112.99
1009918,2024-05-01,1004,1,41.23
1030736,2025-02-25,1040,1,112.99
1038079,2025-05-10,1020,1,29.43
1027564,2025-01-18,1037,1,53.57
1017010,2024-08-06,1021,2,233.5
1036012,2025-04-19,1020,1,27.96
1041081,2025-06-30,1015,1,90.97
1007944,2024-04-28,1035,1,13.67
1012779,2024-06-08,1021,1,116.75
1021822,2024-10-21,1020,1,29.43
1022991,2024-11-17,1037,1,53.57
1018884,2024-09-06,1019,1,21.77
1007889,2024-04-12,1023,2,145.9
1031622,2025-02-25,1008,1,43.39
1007476,2024-04-09,1014,1,90.13
1005532,2024-03-23,1024,1,135.48
1020102,2024-09-30,1037,2,107.14
1034987,2025-04-13,1038,1,90.45
1008916,2024-04-30,1021,3,332.73
1029838,2025-02-22,1036,1,48.64
1012648,2024-06-17,1029,1,10.14
1030125,2025-02-10,1024,1,121.93
1041088,2025-06-18,1019,2,43.54
1014859,2024-07-12,1018,1,62.43
1015867,2024-07-21,1019,2,43.54
1014073,2024-06-28,1024,1,135.48
1022963,2024-11-05,1029,2,20.28
1038959,2025-06-04,1020,3,83.88
1027123,2025-01-16,1007,1,66.42
1028382,2025-01-23,1007,2,132.84
1009499,2024-05-05,1017,2,128.16
1020002,2024-09-28,1014,1,90.13
1031806,2025-03-10,1016,1,118.66
1023395,2024-11-07,1014,1,85.62
1010453,2024-05-15,1034,1,41.07
1003344,2024-02-28,1019,1,21.77
1002279,2024-02-04,1010,1,27.1
1011323,2024-05-29,1004,1,41.23
1000512,2024-01-16,1008,1,38.82
1029145,2025-01-26,1001,1,68.13
1027165,2024-12-29,1038,2,212.82
1028454,2025-01-21,1039,1,79.01
1039703,2025-06-13,1020,1,27.96
1019600,2024-09-14,1023,1,72.95
1023507,2024-11-20,1020,3,88.29
1016317,2024-07-29,1033,1,103.28
1007467,2024-04-09,1026,2,153.84
1013832,2024-06-22,1008,2,91.34
1025509,2024-12-13,1024,2,257.42
1040175,2025-06-22,1015,2,181.94
1011264,2024-05-30,1019,2,43.54
1014666,2024-07-16,1016,1,112.73
1041514,2025-06-28,1021,1,116.75
1009854,2024-05-05,1027,1,80.01
1042199,2025-07-10,1020,1,29.43
1014480,2024-06-30,1039,1,79.01
1030849,2025-02-18,1025,1,105.25
1021024,2024-10-14,1015,2,181.94
1015887,2024-08-01,1018,2,131.44
1017383,2024-08-17,1009,1,81.2
1015824,2024-07-23,1040,1,118.94
1041179,2025-06-17,1010,2,54.2
1011745,2024-05-24,1011,1,28.73
1041015,2025-06-17,1039,2,158.02
1038706,2025-06-04,1037,1,53.57
1019090,2024-09-01,1033,2,217.44
1013362,2024-06-24,1032,1,52.82
1033761,2025-04-02,1028,1,42.95
1018979,2024-09-11,1032,1,52.82
1015169,2024-07-22,1024,2,270.96
1009393,2024-05-03,1012,1,10.69
1033401,2025-03-17,1008,2,86.78
1015603,2024-07-13,1024,1,135.48
1007876,2024-04-13,1035,2,25.98
1005581,2024-03-21,1035,1,13.67
1033027,2025-03-21,1007,1,66.42
1037109,2025-05-02,1029,1,10.14
1042222,2025-06-30,1011,1,28.73
1019257,2024-09-17,1019,3,65.31
1007566,2024-04-09,1015,1,81.87
1005960,2024-03-28,1034,2,82.14
1002326,2024-02-18,1025,1,105.25
1033281,2025-04-01,1006,1,90.26
1010013,2024-05-05,1003,1,116.92
1000242,2024-01-16,1005,1,89.02
1023230,2024-11-04,1021,3,350.25
1005417,2024-03-09,1008,2,91.34
1007057,2024-04-04,1021,1,110.91
1034856,2025-04-21,1001,2,143.44
1002823,2024-02-07,1037,2,107.14
1038775,2025-05-23,1035,1,13.67
1019918,2024-09-17,1005,1,89.02
1020276,2024-09-25,1035,2,24.6
1030942,2025-03-03,1038,2,212.82
1023203,2024-11-11,1007,1,56.46
1033382,2025-03-20,1039,1,71.11
1002257,2024-02-07,1037,1,53.57
1000781,2024-02-01,1014,1,90.13
1015006,2024-07-12,1040,1,118.94
1025813,2024-12-19,1017,1,54.47
1022431,2024-10-29,1001,1,71.72
1007394,2024-04-07,1032,2,105.64
1018624,2024-08-31,1032,1,52.82
1009435,2024-04-28,1039,1,75.06
1029865,2025-02-21,1026,1,90.49
1002467,2024-02-15,1037,2,101.78
1011143,2024-05-27,1009,2,146.16
1009704,2024-05-13,1015,2,181.94
1039780,2025-06-15,1038,1,106.41
1035390,2025-04-27,1037,1,53.57
1039725,2025-05-30,1024,1,121.93
1033393,2025-03-23,1032,2,100.36
1010571,2024-05-16,1040,2,237.88
1042095,2025-07-12,1004,2,82.46
1027521,2025-01-19,1021,1,110.91
1040241,2025-06-12,1036,1,51.35
1002142,2024-02-01,1005,2,178.04
1039105,2025-06-03,1027,1,80.01
1001139,2024-01-22,1023,1,65.66
1015031,2024-07-15,1002,1,112.35
1032540,2025-03-06,1027,1,80.01
1023003,2024-11-07,1021,3,350.25
1029947,2025-02-20,1005,1,75.67
1031634,2025-03-10,1012,2,21.38
1015292,2024-07-24,1020,1,29.43
1037854,2025-05-16,1027,2,144.02
1037210,2025-04-28,1012,2,21.38
1002000,2024-01-31,1010,1,25.74
1022520,2024-10-28,1025,1,105.25
1033702,2025-04-04,1025,1,99.99
1030785,2025-03-04,1001,1,71.72
1021027,2024-10-10,1033,1,108.72
1011366,2024-06-01,1002,1,112.35
1023501,2024-11-07,1026,1,90.49
1020248,2024-09-28,1014,1,90.13
1021564,2024-10-09,1003,1,99.38
1040648,2025-06-15,1002,1,112.35
1009969,2024-05-14,1028,2,85.9
1022603,2024-10-30,1018,2,131.44
1009249,2024-05-10,1007,1,66.42
1038594,2025-05-30,1014,1,90.13
1028887,2025-02-04,1026,2,180.98
1041768,2025-06-24,1015,2,163.74
1010024,2024-05-07,1020,1,29.43
1002404,2024-02-19,1008,1,41.1
1015120,2024-07-20,1002,3,337.05
1015411,2024-07-23,1006,1,90.26
1041861,2025-07-07,1007,1,66.42
1016285,2024-07-20,1033,2,217.44
1016796,2024-08-06,1016,1,118.66
1014178,2024-07-08,1023,1,69.3
1033491,2025-03-28,1031,1,36.07
1005239,2024-03-16,1003,2,233.84
1027542,2025-01-16,1018,2,124.86
1010627,2024-05-12,1005,1,89.02
1030666,2025-02-23,1033,1,108.72
1015401,2024-07-18,1011,2,57.46
1013957,2024-07-05,1005,1,89.02
1001772,2024-01-30,1020,1,27.96
1031511,2025-03-09,1013,1,108.93
1008961,2024-04-20,1036,1,54.05
1013735,2024-06-16,1034,2,82.14
1005977,2024-03-28,1003,1,116.92
1005727,2024-03-19,1006,2,162.46
1008030,2024-04-14,1013,1,108.93
1030377,2025-02-18,1007,2,126.2
1028085,2025-01-11,1029,3,28.89
1011587,2024-05-27,1002,2,202.24
1041726,2025-07-08,1039,1,71.11
1018557,2024-09-08,1008,1,43.39
1027428,2025-01-18,1007,1,66.42
1004575,2024-03-17,1027,1,80.01
1002369,2024-02-07,1002,2,213.46
1023093,2024-11-09,1020,1,25.02
1039835,2025-06-17,1036,1,54.05
1025468,2024-12-07,1021,2,233.5
1000348,2024-01-16,1035,2,25.98
1042075,2025-06-30,1028,1,38.66
1002468,2024-02-19,1007,2,126.2
1015649,2024-07-12,1036,1,54.05
1033874,2025-03-31,1015,1,90.97
1020537,2024-10-03,1034,2,82.14
1022897,2024-11-01,1021,2,221.82
1024373,2024-12-07,1010,1,27.1
1008183,2024-04-17,1005,2,178.04
1032059,2025-03-03,1025,1,105.25
1021722,2024-10-17,1006,3,270.78
1002773,2024-02-19,1026,3,271.47
1020182,2024-09-30,1004,1,41.23
1041830,2025-06-24,1040,1,118.94
1033704,2025-03-23,1031,1,30.66
1024075,2024-11-21,1012,1,9.62
1019785,2024-09-27,1026,2,153.84
1031946,2025-03-12,1011,1,28.73
1023577,2024-11-15,1028,1,42.95
1032131,2025-03-13,1015,2,181.94
1025471,2024-12-23,1008,2,91.34
1012100,2024-06-01,1010,1,24.39
1017881,2024-08-23,1040,2,214.1
1035423,2025-04-19,1033,2,184.82
1037416,2025-05-03,1035,1,12.3
1023235,2024-11-03,1001,2,143.44
1007502,2024-04-16,1031,1,36.07
1013860,2024-06-30,1027,2,144.02
1037866,2025-05-17,1018,2,131.44
1015520,2024-07-13,1022,1,66.16
1001191,2024-01-17,1008,3,123.3
1000940,2024-01-15,1013,1,108.93
1012691,2024-06-03,1004,1,41.23
1008370,2024-05-02,1025,1,105.25
1029631,2025-02-04,1037,1,53.57
1019209,2024-09-06,1008,1,43.39
1040888,2025-06-10,1007,1,66.42
1036448,2025-05-04,1005,2,169.14
1016432,2024-08-05,1005,2,160.24
1000450,2024-01-08,1001,2,129.1
1041280,2025-06-28,1010,1,27.1
1006133,2024-03-30,1019,1,21.77
1041898,2025-07-05,1039,1,79.01
1011724,2024-05-25,1026,1,90.49
1002254,2024-02-10,1023,1,69.3
1011862,2024-05-26,1003,2,233.84
1040340,2025-06-13,1025,1,94.72
1030556,2025-03-01,1039,1,79.01
1016498,2024-07-29,1003,2,233.84
1006485,2024-03-29,1029,1,10.14
1023378,2024-11-07,1034,1,41.07
1008102,2024-04-13,1001,1,60.96
1027392,2025-01-13,1029,1,9.13
1030766,2025-02-23,1019,1,20.68
1018661,2024-08-30,1010,2,51.48
1031896,2025-03-18,1027,2,160.02
1028136,2025-01-11,1005,2,178.04
1018856,2024-08-28,1019,1,21.77
1003734,2024-02-24,1023,2,145.9
1032034,2025-03-09,1017,1,64.08
1011943,2024-06-14,1026,1,90.49
1008437,2024-04-19,1008,1,45.67
1012621,2024-06-05,1011,2,57.46
1035128,2025-04-04,1034,1,39.02
1001084,2024-01-17,1033,2,206.56
1026301,2024-12-27,1038,1,106.41
1003826,2024-02-22,1022,1,77.83
1017545,2024-08-19,1018,1,65.72
1015927,2024-08-03,1011,1,28.73
1002943,2024-02-11,1022,1,77.83
1003760,2024-02-28,1002,2,224.7
1009291,2024-05-08,1038,1,106.41
1039700,2025-06-08,1038,1,90.45
1036816,2025-05-03,1024,2,257.42
1015417,2024-07-13,1022,2,147.88
1008232,2024-04-19,1001,1,68.13
1024415,2024-11-26,1011,2,57.46
1021056,2024-10-08,1017,2,128.16
1002486,2024-02-05,1023,1,69.3
1012256,2024-06-15,1018,1,65.72
1021261,2024-10-04,1033,1,108.72
1024818,2024-12-16,1036,3,162.15
1042283,2025-07-19,1019,1,21.77
1008074,2024-04-26,1002,1,112.35
1009641,2024-05-07,1031,3,97.38
1041217,2025-06-15,1022,1,77.83
1012762,2024-06-11,1039,2,142.22
1039828,2025-06-04,1010,3,73.17
1033747,2025-04-06,1006,1,90.26
1024154,2024-12-01,1015,1,90.97
1013918,2024-07-01,1030,1,79.74
1034868,2025-04-16,1022,1,73.94
1041651,2025-07-04,1005,3,267.06
1019439,2024-09-08,1022,2,147.88
1006458,2024-04-02,1028,3,128.85
1006388,2024-04-04,1016,1,118.66
1014879,2024-07-05,1008,1,45.67
1042204,2025-07-13,1004,3,123.69
1037410,2025-05-11,1025,1,105.25
1024856,2024-12-01,1027,1,80.01
1007451,2024-04-09,1011,1,28.73
1038973,2025-05-29,1015,2,181.94
1024182,2024-11-29,1021,1,116.75
1027938,2025-01-26,1015,3,272.91
1003894,2024-03-08,1003,3,350.76
1010723,2024-05-24,1024,2,270.96
1030678,2025-02-28,1014,2,180.26
1013032,2024-06-11,1022,2,155.66
1009445,2024-04-26,1002,1,112.35
1034740,2025-04-13,1020,2,55.92
1020711,2024-10-04,1014,1,90.13
1036722,2025-05-01,1028,1,42.95
1020686,2024-10-10,1038,1,106.41
1027000,2025-01-10,1001,1,71.72
1003983,2024-02-22,1019,2,43.54
1017485,2024-08-09,1034,1,41.07
1037973,2025-05-17,1033,3,293.55
1018050,2024-08-30,1019,1,20.68
1024359,2024-12-07,1017,3,192.24
1037344,2025-05-15,1003,1,116.92
1019897,2024-09-20,1006,2,180.52
1037967,2025-05-09,1034,1,41.07
1002335,2024-02-10,1033,1,108.72
1032660,2025-03-26,1017,1,64.08
1040181,2025-06-03,1018,1,65.72
1019828,2024-09-20,1024,1,135.48
1026157,2024-12-17,1021,1,105.08
1016530,2024-07-25,1009,2,162.4
1002855,2024-02-12,1033,1,92.41
1024090,2024-11-29,1010,2,54.2
1010073,2024-05-11,1036,2,108.1
1014702,2024-07-17,1037,1,45.53
1026932,2025-01-14,1026,1,90.49
1012196,2024-06-15,1028,1,42.95
1027117,2025-01-10,1010,1,27.1
1040502,2025-06-20,1028,1,40.8
1002887,2024-02-12,1005,1,89.02
1024834,2024-12-08,1016,1,118.66
1041948,2025-07-11,1024,1,135.48
1032833,2025-03-17,1002,1,112.35
1013379,2024-06-23,1020,2,58.86
1023364,2024-11-06,1034,1,39.02
1023961,2024-11-24,1033,3,309.84
1010167,2024-05-06,1017,2,121.76
1021333,2024-10-17,1024,3,406.44
1017944,2024-08-22,1024,2,243.86
1024833,2024-12-10,1039,1,67.16
1016117,2024-08-05,1028,1,42.95
1029604,2025-02-01,1012,2,21.38
1015943,2024-07-31,1002,2,213.46
1038423,2025-05-23,1005,1,89.02
1031147,2025-03-04,1009,2,162.4
1007605,2024-04-04,1035,1,12.3
1008650,2024-04-25,1028,2,73.02
1003061,2024-02-26,1019,1,21.77
1036361,2025-05-08,1008,3,137.01
1014452,2024-06-28,1007,3,199.26
1004380,2024-02-27,1026,1,90.49
1014558,2024-07-08,1035,1,13.67
1026140,2024-12-24,1026,1,90.49
1035141,2025-04-24,1011,1,28.73
1032940,2025-03-17,1030,2,143.54
1026456,2025-01-08,1013,1,108.93
1038399,2025-05-13,1005,2,178.04
1023092,2024-11-02,1004,1,39.17
1020657,2024-10-06,1022,2,140.1
1022623,2024-10-28,1037,1,53.57
1038371,2025-05-26,1004,1,41.23
1038361,2025-05-28,1040,2,237.88
1032809,2025-03-20,1011,1,25.86
1040430,2025-06-15,1006,1,90.26
1006940,2024-04-02,1028,2,85.9
1026565,2025-01-06,1039,1,79.01
1037228,2025-05-10,1003,2,233.84
1019292,2024-09-10,1021,3,332.73
1011303,2024-05-31,1039,1,79.01
1039562,2025-05-31,1032,2,95.08
1016232,2024-08-05,1011,2,57.46
1035933,2025-04-21,1013,1,108.93
1034734,2025-04-20,1002,1,112.35
1004307,2024-03-01,1014,2,180.26
1000719,2024-01-19,1002,1,95.5
1000185,2024-01-14,1031,1,32.46
1030514,2025-03-01,1034,2,73.92
1003829,2024-02-26,1021,1,116.75
1023719,2024-11-20,1001,1,68.13
1030442,2025-02-27,1018,1,62.43
1029445,2025-02-16,1010,1,27.1
1003165,2024-02-24,1001,1,68.13
1009762,2024-05-09,1016,1,118.66
1026907,2025-01-08,1027,1,76.01
1001713,2024-01-23,1037,1,53.57
1039999,2025-06-14,1015,2,181.94
1037799,2025-05-16,1014,2,180.26
1005733,2024-03-16,1004,1,41.23
1017467,2024-08-10,1003,2,233.84
1025901,2024-12-30,1022,1,77.83
1005768,2024-03-22,1034,2,82.14
1024147,2024-11-27,1039,3,225.18
1004915,2024-03-12,1040,1,118.94
1035679,2025-04-21,1001,1,71.72
1038948,2025-06-03,1013,1,108.93
1006641,2024-04-13,1032,1,52.82
1028007,2025-01-12,1015,3,272.91
1009076,2024-04-21,1033,1,103.28
1000403,2024-01-24,1040,1,112.99
1025173,2024-12-07,1021,1,116.75
1023596,2024-11-29,1033,1,97.85
1009431,2024-05-10,1011,3,86.19
1038719,2025-05-21,1013,1,108.93
1029095,2025-02-01,1037,1,50.89
1009708,2024-05-02,1027,1,80.01
1003336,2024-02-22,1029,1,8.62
1036848,2025-05-08,1025,3,299.97
1033812,2025-04-04,1039,1,71.11
1028785,2025-02-07,1005,1,89.02
1005899,2024-03-16,1010,1,27.1
1018950,2024-09-06,1002,1,112.35
1004986,2024-03-14,1009,1,81.2
1000059,2024-01-10,1032,2,100.36
1040696,2025-06-21,1010,2,48.78
1000541,2024-01-21,1014,1,85.62
1000235,2024-01-19,1037,2,107.14
1016387,2024-08-05,1014,2,180.26
1029166,2025-02-11,1039,1,75.06
1014041,2024-07-04,1006,1,90.26
1005677,2024-03-17,1007,1,66.42
1040624,2025-06-19,1025,1,105.25
1016291,2024-07-25,1017,1,64.08
1033071,2025-03-17,1040,1,112.99
1034865,2025-04-14,1019,1,20.68
1024803,2024-12-12,1021,1,116.75
1015907,2024-08-02,1038,2,212.82
1032023,2025-02-28,1011,3,86.19
1037446,2025-05-02,1022,1,70.05
1040362,2025-06-04,1001,2,143.44
1011020,2024-05-25,1005,1,84.57
1019495,2024-09-06,1037,1,53.57
1011124,2024-06-03,1019,1,18.5
1017724,2024-08-13,1032,2,105.64
1016882,2024-08-04,1040,1,118.94
1002991,2024-02-15,1039,1,79.01
1023579,2024-11-09,1008,1,45.67
1010844,2024-05-24,1024,1,135.48
1019073,2024-09-07,1021,1,116.75
1022990,2024-11-03,1037,1,53.57
1009899,2024-05-11,1029,1,9.63
1006225,2024-03-18,1006,1,90.26
1022077,2024-10-20,1007,1,59.78
1019372,2024-09-20,1016,1,118.66
1004322,2024-03-01,1029,1,10.14
1042229,2025-07-06,1011,1,28.73
1023233,2024-11-04,1021,1,116.75
1038773,2025-05-29,1038,1,106.41
1007709,2024-04-21,1020,1,29.43
1032613,2025-03-12,1032,1,52.82
1018170,2024-08-24,1030,2,159.48
1015093,2024-07-20,1032,1,50.18
1002639,2024-02-09,1005,1,84.57
1025367,2024-12-18,1038,3,319.23
1022576,2024-11-06,1024,3,406.44
1032460,2025-03-21,1013,1,98.04
1028137,2025-01-28,1026,1,90.49
1009317,2024-04-24,1021,1,116.75
1026270,2024-12-21,1038,1,106.41
1032408,2025-03-05,1021,1,116.75
1003515,2024-02-26,1014,1,85.62
1038970,2025-05-31,1039,1,71.11
1022716,2024-11-09,1004,1,41.23
1028601,2025-01-27,1017,2,108.94
1035224,2025-04-11,1039,1,79.01
1024919,2024-12-13,1017,3,192.24
1025459,2024-12-12,1012,1,9.62
1032949,2025-03-27,1039,3,237.03
1014306,2024-06-24,1032,1,52.82
1018404,2024-09-06,1021,1,99.24
1019266,2024-09-16,1013,1,108.93
1015560,2024-07-20,1016,2,237.32
1006567,2024-03-26,1010,1,25.74
1000686,2024-01-30,1020,2,58.86
1019745,2024-09-14,1018,1,62.43
1028795,2025-01-20,1025,1,105.25
1022494,2024-11-08,1036,1,48.64
1000422,2024-01-22,1015,1,90.97
1014608,2024-07-05,1019,1,19.59
1018567,2024-08-30,1020,1,29.43
1041715,2025-06-29,1039,1,79.01
1033823,2025-04-05,1023,3,196.98
1034080,2025-04-01,1036,1,45.94
1038397,2025-05-27,1009,1,81.2
1010314,2024-05-15,1018,2,131.44
1024979,2024-12-07,1040,1,112.99
1014503,2024-07-04,1011,1,28.73
1004803,2024-03-05,1023,2,145.9
1026720,2024-12-24,1012,2,21.38
1032788,2025-03-10,1028,1,42.95
1034848,2025-04-08,1029,3,30.42
1006812,2024-04-01,1006,2,153.44
1023433,2024-11-09,1038,1,106.41
1028286,2025-01-29,1006,1,76.72
1039948,2025-06-04,1005,1,80.12
1003278,2024-03-03,1026,1,85.97
1003607,2024-02-20,1022,1,70.05
1019871,2024-09-22,1025,1,94.72
1039524,2025-05-30,1013,3,326.79
1014585,2024-06-30,1034,3,110.88
1015932,2024-07-23,1002,1,101.12
1030007,2025-02-09,1001,2,136.26
1030299,2025-02-24,1007,1,66.42
1032811,2025-03-14,1037,2,107.14
1033421,2025-03-24,1007,1,63.1
1015645,2024-07-18,1010,3,73.17
1005448,2024-03-19,1020,2,52.98
1034538,2025-04-13,1005,2,178.04
1016973,2024-08-08,1036,3,145.92
1001211,2024-01-24,1037,1,53.57
1042326,2025-06-29,1001,1,71.72
1031263,2025-02-20,1021,1,116.75
1037167,2025-05-05,1036,1,54.05
1038009,2025-05-25,1028,3,122.4
1000928,2024-01-15,1019,1,21.77
1037443,2025-05-11,1002,1,112.35
1011402,2024-05-22,1022,1,73.94
1007032,2024-04-15,1017,1,60.88
1032471,2025-03-12,1025,1,105.25
1042160,2025-07-03,1025,1,105.25
1034688,2025-04-10,1024,3,406.44
1006760,2024-04-13,1038,1,106.41
1004376,2024-02-25,1040,1,112.99
1028506,2025-01-19,1012,1,9.62
1041244,2025-06-24,1026,1,90.49
1018018,2024-08-23,1002,1,106.73
1005698,2024-03-29,1007,3,199.26
1002156,2024-02-06,1040,1,101.1
1023324,2024-11-13,1032,1,52.82
1034680,2025-04-12,1028,1,42.95
1019957,2024-09-18,1031,1,36.07
1023606,2024-11-24,1019,1,21.77
1011581,2024-06-03,1011,2,57.46
1023419,2024-11-13,1036,2,108.1
1038578,2025-05-22,1002,1,95.5
1033897,2025-04-04,1002,2,224.7
1021941,2024-10-15,1008,1,45.67
1039800,2025-05-31,1003,2,210.46
1001806,2024-02-13,1015,1,90.97
1037004,2025-05-03,1011,2,54.58
1017407,2024-08-22,1029,1,9.63
1000656,2024-01-14,1028,1,42.95
1038696,2025-05-26,1035,3,41.01
1037146,2025-05-10,1012,1,10.69
1027139,2025-01-17,1028,1,42.95
1033750,2025-03-22,1021,2,233.5
1009027,2024-04-21,1014,2,180.26
1020414,2024-09-29,1003,2,233.84
1027653,2025-01-18,1004,2,78.34
1011333,2024-05-20,1027,1,76.01
1034674,2025-04-03,1013,1,108.93
1035379,2025-04-26,1010,1,27.1
1035237,2025-04-09,1022,2,155.66
1017589,2024-08-21,1029,2,20.28
1001545,2024-01-23,1004,2,78.34
1038890,2025-06-02,1012,2,21.38
1002081,2024-02-16,1014,1,90.13
1008264,2024-04-18,1036,1,54.05
1028898,2025-01-31,1014,2,180.26
1037758,2025-05-18,1027,1,80.01
1025061,2024-12-12,1004,2,82.46
1027690,2025-01-24,1027,2,160.02
1021886,2024-10-24,1009,1,81.2
1022160,2024-10-23,1019,2,43.54
1030769,2025-03-04,1026,3,244.32
1034060,2025-03-27,1001,1,64.55
1040384,2025-06-06,1002,2,224.7
1001695,2024-01-28,1037,1,53.57
1001782,2024-01-26,1018,1,65.72
1003326,2024-03-02,1032,1,52.82
1012398,2024-06-12,1012,1,10.69
1002329,2024-02-07,1027,3,216.03
1029298,2025-01-29,1029,3,30.42
1035655,2025-04-24,1014,2,180.26
1008070,2024-04-15,1038,2,212.82
1019038,2024-09-16,1025,1,94.72
1001180,2024-01-27,1034,2,82.14
1008706,2024-05-03,1022,2,155.66
1010988,2024-06-01,1009,1,69.02
1027566,2025-01-18,1021,1,105.08
1039574,2025-05-28,1009,3,219.24
1028093,2025-01-27,1016,2,237.32
1000457,2024-01-27,1003,1,111.07
1019739,2024-09-18,1020,2,52.98
1026971,2024-12-28,1007,1,66.42
1017663,2024-08-28,1014,1,90.13
1019504,2024-09-09,1001,1,71.72
1019540,2024-09-18,1018,1,65.72
1035092,2025-04-20,1027,1,80.01
1033152,2025-03-12,1037,1,53.57
1020202,2024-10-02,1032,3,158.46
1000943,2024-01-27,1030,2,159.48
1022552,2024-10-30,1016,1,112.73
1011125,2024-05-30,1017,2,128.16
1010157,2024-05-12,1034,2,82.14
1023857,2024-11-29,1040,1,118.94
1027872,2025-01-19,1011,1,28.73
1038497,2025-05-24,1014,1,90.13
1006014,2024-03-17,1038,3,319.23
1030618,2025-02-20,1033,2,217.44
1033390,2025-04-01,1035,1,13.67
1016798,2024-08-12,1034,1,41.07
1035828,2025-04-30,1013,1,108.93
1005835,2024-03-29,1035,1,13.67
1001849,2024-02-14,1013,1,108.93
1015626,2024-07-29,1028,2,73.02
1022805,2024-11-13,1021,2,198.48
1023496,2024-11-08,1034,3,123.21
1017436,2024-08-08,1023,1,72.95
1002875,2024-02-10,1038,1,106.41
1002042,2024-02-13,1007,1,66.42
1030994,2025-02-18,1001,1,68.13
1014915,2024-07-14,1028,1,38.66
1004302,2024-02-25,1028,3,128.85
1027945,2025-01-12,1002,3,337.05
1032622,2025-03-22,1039,2,158.02
1032671,2025-03-07,1027,1,68.01
1016207,2024-07-26,1005,1,89.02
1035357,2025-04-12,1016,1,112.73
1034592,2025-04-10,1038,2,212.82
1007446,2024-04-12,1016,2,213.58
1016111,2024-08-02,1024,2,270.96
1019404,2024-09-12,1005,1,89.02
1039653,2025-06-06,1030,1,71.77
1002514,2024-02-12,1039,3,237.03
1026741,2024-12-27,1017,2,128.16
1014595,2024-07-13,1003,3,350.76
1010826,2024-05-22,1018,1,65.72
1020616,2024-10-08,1004,1,41.23
1009735,2024-05-07,1039,1,79.01
1036675,2025-05-09,1040,1,107.05
1027604,2025-01-15,1007,1,66.42
1033411,2025-04-02,1016,2,237.32
1038656,2025-05-24,1035,1,13.67
1036960,2025-05-04,1017,3,182.64
1031979,2025-03-12,1015,2,181.94
1035170,2025-04-16,1004,3,123.69
1028694,2025-02-07,1030,2,159.48
1039836,2025-06-08,1024,2,270.96
1033852,2025-04-04,1015,1,77.32
1040386,2025-06-06,1032,1,50.18
1022466,2024-10-23,1028,2,85.9
1007121,2024-04-16,1038,2,212.82
1024632,2024-11-30,1019,3,65.31
1040752,2025-06-10,1014,1,90.13
1039426,2025-06-02,1030,3,239.22
1024993,2024-12-17,1033,1,108.72
1007902,2024-04-07,1019,2,43.54
1023393,2024-11-15,1020,1,29.43
1038465,2025-05-29,1021,1,105.08
1041290,2025-06-23,1037,1,53.57
1038868,2025-05-31,1040,1,118.94
1022455,2024-11-11,1016,3,320.37
1037531,2025-05-05,1007,1,66.42
1018877,2024-09-03,1004,3,117.51
1026510,2024-12-29,1017,2,128.16
1027276,2025-01-18,1007,1,63.1
1004540,2024-03-01,1029,1,10.14
1039473,2025-05-25,1005,2,178.04
1002481,2024-02-11,1015,1,90.97
1027995,2025-01-16,1012,2,20.32
1020885,2024-10-05,1040,2,237.88
1026934,2025-01-01,1036,3,162.15
1021264,2024-10-16,1026,1,90.49
1032105,2025-03-20,1025,1,105.25
1024442,2024-12-04,1033,1,108.72
1040141,2025-06-15,1040,1,118.94
1031719,2025-02-28,1036,1,54.05
1008648,2024-04-20,1017,3,173.01
1032670,2025-03-08,1009,1,81.2
1028627,2025-02-05,1038,3,319.23
1002082,2024-01-31,1039,1,79.01
1000276,2024-01-13,1022,1,70.05
1038919,2025-05-23,1005,3,267.06
1007264,2024-04-02,1011,1,28.73
1038055,2025-05-20,1003,1,111.07
1010323,2024-05-15,1008,1,45.67
1030123,2025-02-14,1010,2,48.78
1023864,2024-12-01,1033,2,217.44
1015956,2024-07-16,1006,2,180.52
1026562,2024-12-31,1029,1,9.63
1009685,2024-05-02,1026,2,180.98
1011089,2024-05-19,1015,1,86.42
1002669,2024-02-10,1028,1,38.66
1040461,2025-06-15,1009,1,81.2
1036353,2025-05-06,1029,1,10.14
1029997,2025-02-21,1024,1,135.48
1039211,2025-05-27,1036,1,54.05
1016450,2024-07-29,1032,1,52.82
1008969,2024-05-07,1005,3,267.06
1011480,2024-05-29,1024,2,257.42
1001781,2024-01-26,1005,1,89.02
1003480,2024-02-20,1039,1,79.01
1023643,2024-11-15,1013,1,103.48
1021608,2024-10-12,1039,1,79.01
1026178,2024-12-22,1005,1,89.02
1041652,2025-07-06,1033,2,217.44
1000250,2024-01-23,1023,3,218.85
1030022,2025-02-17,1040,1,101.1
1023315,2024-11-19,1003,1,116.92
1033324,2025-03-14,1024,1,128.71
1041547,2025-07-03,1018,1,65.72
1007443,2024-04-02,1013,1,108.93
1012871,2024-06-15,1024,1,135.48
1003871,2024-03-06,1020,1,29.43
1022592,2024-11-01,1012,2,20.32
1027901,2025-01-22,1020,2,58.86
1040951,2025-06-17,1012,1,9.62
1023104,2024-11-16,1035,2,24.6
1006301,2024-03-26,1014,1,85.62
1002035,2024-02-11,1040,1,112.99
1036694,2025-05-06,1009,2,162.4
1023328,2024-11-11,1003,1,116.92
1023409,2024-11-14,1016,2,237.32
1035537,2025-04-26,1038,1,106.41
1022758,2024-11-05,1013,1,108.93
1011070,2024-05-23,1003,1,105.23
1026956,2024-12-27,1037,2,107.14
1035296,2025-04-23,1028,1,40.8
1036450,2025-05-09,1033,1,103.28
1018452,2024-08-24,1038,1,106.41
1033399,2025-03-25,1025,1,89.46
1028770,2025-01-27,1039,2,158.02
1015404,2024-07-14,1029,1,10.14
1041811,2025-06-30,1016,1,118.66
1006528,2024-03-28,1008,1,41.1
1019833,2024-09-22,1017,1,60.88
1004893,2024-03-22,1004,2,74.22
1038527,2025-05-15,1038,1,106.41
1000178,2024-01-06,1027,1,80.01
1003644,2024-02-17,1009,2,154.28
1012882,2024-06-18,1027,3,240.03
1024449,2024-11-29,1011,2,54.58
1013102,2024-06-08,1034,1,41.07
1037431,2025-05-15,1030,1,79.74
1007992,2024-04-15,1023,2,131.32
1009303,2024-04-26,1007,1,66.42
1028447,2025-01-17,1015,1,90.97
1009114,2024-05-07,1009,1,81.2
1035569,2025-04-14,1015,2,163.74
1036987,2025-05-03,1039,1,79.01
1039291,2025-05-27,1009,1,73.08
1016328,2024-08-05,1029,1,10.14
1028810,2025-01-31,1019,1,21.77
1025944,2024-12-27,1024,3,406.44
1018248,2024-09-06,1023,1,72.95
1017333,2024-08-12,1018,1,65.72
1032403,2025-03-19,1003,3,333.21
1029226,2025-01-26,1030,2,159.48
1039593,2025-06-04,1003,1,111.07
1008219,2024-04-20,1018,3,197.16
1041676,2025-07-07,1034,1,41.07
1033507,2025-04-02,1019,1,21.77
1015489,2024-07-28,1019,1,19.59
1010033,2024-05-15,1026,1,90.49
1011632,2024-05-24,1031,1,36.07
1021213,2024-10-07,1018,1,65.72
1003978,2024-02-28,1035,2,25.98
1029421,2025-02-16,1030,1,79.74
1007747,2024-04-22,1017,1,64.08
1019028,2024-09-04,1013,1,108.93
1009564,2024-05-09,1032,2,89.8
1005855,2024-03-23,1024,2,257.42
1000902,2024-01-22,1033,1,103.28
1007429,2024-04-12,1027,2,144.02
1003674,2024-02-19,1010,2,54.2
1014217,2024-07-12,1005,2,178.04
1038311,2025-05-26,1005,2,178.04
1030834,2025-02-16,1033,1,108.72
1019085,2024-09-09,1006,1,81.23
1028800,2025-01-31,1011,1,28.73
1022699,2024-11-03,1020,2,58.86
1009183,2024-04-23,1036,1,54.05
1002157,2024-02-15,1005,3,267.06
1012848,2024-06-07,1040,1,107.05
1035010,2025-04-14,1032,1,50.18
1015744,2024-07-23,1024,1,135.48
1002859,2024-02-09,1028,2,85.9
1018751,2024-09-01,1025,3,315.75
1040073,2025-06-08,1021,2,233.5
1025662,2024-12-25,1008,1,43.39
1013653,2024-06-30,1020,2,58.86
1026001,2024-12-24,1026,1,90.49
1015631,2024-07-19,1027,1,80.01
1036517,2025-04-24,1011,1,28.73
1006475,2024-03-30,1023,2,138.6
1009744,2024-05-13,1023,1,72.95
1031955,2025-03-02,1009,2,162.4
1014069,2024-07-07,1032,1,47.54
1011733,2024-05-28,1036,1,54.05
1030488,2025-02-21,1007,1,63.1
1030742,2025-02-20,1021,1,116.75
1015733,2024-07-17,1019,1,21.77
1013093,2024-06-15,1030,1,79.74
1001864,2024-02-14,1039,3,201.48
1013881,2024-06-19,1027,1,68.01
1009026,2024-04-25,1036,1,54.05
1036380,2025-05-02,1013,2,196.08
1012240,2024-06-10,1022,1,73.94
1027594,2025-01-10,1036,1,54.05
1034492,2025-03-31,1008,1,45.67
1040498,2025-06-21,1014,1,85.62
1013192,2024-06-10,1013,1,108.93
1026507,2024-12-31,1009,1,77.14
1035294,2025-04-21,1029,2,20.28
1031662,2025-02-26,1019,2,43.54
1035408,2025-04-12,1009,2,146.16
1006148,2024-03-27,1036,1,54.05
1029797,2025-02-19,1024,1,135.48
1039709,2025-06-06,1004,2,74.22
1029563,2025-02-06,1010,1,27.1
1007800,2024-04-12,1024,1,135.48
1011563,2024-05-22,1039,1,75.06
1018075,2024-08-15,1028,1,36.51
1015183,2024-07-12,1026,1,90.49
1038057,2025-05-18,1029,2,20.28
1032297,2025-03-09,1005,1,89.02
1013042,2024-06-26,1001,2,143.44
1025668,2024-12-20,1025,1,99.99
1004215,2024-02-24,1009,2,162.4
1034041,2025-04-02,1011,3,86.19
1013532,2024-06-21,1024,3,386.13
1015320,2024-07-12,1016,1,106.79
1025653,2024-12-09,1009,3,207.06
1041049,2025-07-03,1021,2,210.16
1000527,2024-01-14,1003,1,116.92
1035415,2025-04-10,1034,1,39.02
1040705,2025-06-08,1028,1,42.95
1020848,2024-10-11,1029,1,10.14
1033679,2025-04-02,1034,2,82.14
1024554,2024-12-01,1015,1,90.97
1007340,2024-04-16,1030,3,239.22
1026792,2024-12-31,1022,1,77.83
1003320,2024-03-03,1033,1,108.72
1006955,2024-04-12,1027,3,240.03
1016350,2024-07-23,1013,1,108.93
1006771,2024-04-13,1030,2,143.54
1005676,2024-03-17,1007,2,126.2
1019891,2024-09-16,1040,1,118.94
1029294,2025-02-04,1030,1,75.75
1033052,2025-03-24,1032,3,158.46
1013428,2024-06-27,1036,1,54.05
1039850,2025-06-05,1013,1,108.93
1031150,2025-02-21,1039,1,79.01
1008032,2024-04-17,1009,1,81.2
1038595,2025-05-24,1038,1,106.41
1041552,2025-06-24,1012,1,10.69
1017815,2024-08-17,1027,1,80.01
1022202,2024-10-22,1033,1,108.72
1021384,2024-10-04,1035,1,13.67
1038089,2025-05-20,1001,1,71.72
1041206,2025-06-24,1033,1,108.72
1020141,2024-10-04,1013,3,326.79
1002188,2024-02-02,1035,1,13.67
1034167,2025-04-12,1011,1,28.73
1027039,2025-01-10,1025,2,210.5
1040134,2025-06-07,1024,3,406.44
1036040,2025-04-25,1034,1,41.07
1008754,2024-04-21,1013,2,217.86
1011388,2024-05-26,1006,2,180.52
1033627,2025-03-31,1038,1,106.41
1025446,2024-12-21,1038,2,212.82
1007760,2024-04-10,1030,2,151.5
1009355,2024-05-02,1007,2,119.56
1008126,2024-04-12,1016,1,118.66
1012792,2024-06-20,1015,1,90.97
1006501,2024-03-22,1003,1,116.92
1024704,2024-12-05,1007,1,66.42
1002560,2024-02-04,1031,1,36.07
1015221,2024-07-17,1021,1,110.91
1018509,2024-09-02,1027,2,160.02
1008708,2024-04-26,1017,1,64.08
1013635,2024-06-21,1037,2,107.14
1015709,2024-07-17,1009,1,81.2
1016299,2024-07-31,1037,1,53.57
1038901,2025-05-30,1011,1,27.29
1001162,2024-02-01,1029,3,27.39
1017371,2024-08-22,1039,1,71.11
1037820,2025-05-13,1004,3,123.69
1003951,2024-03-11,1037,1,48.21
1001124,2024-01-24,1013,1,103.48
1035099,2025-04-21,1014,1,90.13
1041548,2025-07-05,1015,1,81.87
1016396,2024-08-08,1012,1,9.62
1021945,2024-10-15,1020,1,26.49
1025090,2024-12-20,1029,1,10.14
1022250,2024-11-08,1016,1,118.66
1016151,2024-08-07,1027,1,80.01
1022338,2024-11-05,1010,1,23.04
1012551,2024-06-19,1022,3,233.49
1018675,2024-09-01,1032,2,105.64
1006019,2024-04-02,1015,2,181.94
1041403,2025-07-04,1020,1,29.43
1028968,2025-02-07,1036,1,48.64
1016662,2024-07-30,1015,2,172.84
1023464,2024-11-22,1024,2,270.96
1028630,2025-02-06,1024,3,386.13
1041827,2025-07-07,1027,3,240.03
1012542,2024-06-08,1001,1,71.72
1021347,2024-10-14,1028,2,85.9
1021817,2024-10-17,1030,1,79.74
1028016,2025-01-30,1021,1,110.91
1018705,2024-09-03,1026,2,171.94
1035361,2025-04-25,1015,1,90.97
1013582,2024-06-28,1036,3,145.92
1014936,2024-07-17,1028,3,128.85
1022659,2024-10-27,1034,2,82.14
1009296,2024-05-08,1032,1,50.18
1000079,2024-01-05,1026,1,90.49
1006991,2024-04-16,1002,1,112.35
1001947,2024-01-28,1036,1,54.05
1003631,2024-03-06,1039,2,150.12
1040214,2025-06-21,1004,1,41.23
1032214,2025-03-17,1036,3,162.15
1015978,2024-07-23,1040,1,107.05
1011722,2024-05-24,1003,1,116.92
1030779,2025-02-19,1036,3,162.15
1015203,2024-07-16,1003,2,233.84
1031355,2025-02-25,1009,1,73.08
1016607,2024-08-05,1016,2,237.32
1006397,2024-03-30,1017,1,64.08
1007850,2024-04-14,1020,1,25.02
1024679,2024-12-13,1009,2,162.4
1007034,2024-04-12,1008,1,41.1
1036906,2025-05-10,1009,2,162.4
1010868,2024-05-13,1011,2,54.58
1020324,2024-09-21,1003,3,350.76
1037591,2025-05-18,1006,1,90.26
1033211,2025-03-17,1031,2,72.14
1024048,2024-11-28,1005,1,89.02
1007484,2024-04-15,1020,1,29.43
1032850,2025-03-27,1005,1,89.02
1027366,2025-01-19,1022,2,140.1
1020013,2024-09-20,1017,3,192.24
1010174,2024-05-14,1005,1,89.02
1028955,2025-02-07,1030,2,151.5
1038350,2025-05-30,1029,1,10.14
1032314,2025-03-16,1011,2,57.46
1025688,2024-12-28,1035,3,41.01
1015128,2024-07-07,1009,1,77.14
1031598,2025-02-28,1009,2,162.4
1018580,2024-09-10,1003,1,116.92
1008249,2024-04-27,1028,1,40.8
1014619,2024-07-03,1036,2,102.7
1040360,2025-06-04,1005,1,89.02
1002139,2024-02-13,1036,1,51.35
1021121,2024-10-12,1004,1,37.11
1027817,2025-01-23,1011,2,57.46
1029479,2025-02-11,1028,3,128.85
1032698,2025-03-10,1037,1,53.57
1031966,2025-03-17,1020,1,29.43
1027953,2025-01-24,1026,1,90.49
1041083,2025-06-28,1003,2,233.84
1024487,2024-12-06,1034,1,41.07
1002184,2024-02-18,1033,1,108.72
1006946,2024-03-31,1018,1,65.72
1026414,2025-01-04,1016,1,112.73
1006032,2024-04-03,1020,1,26.49
1003064,2024-02-11,1009,1,73.08
1007141,2024-04-02,1005,1,84.57
1001626,2024-02-01,1031,2,72.14
1019287,2024-09-20,1032,1,52.82
1006104,2024-03-31,1004,1,41.23
1005379,2024-03-16,1013,1,98.04
1017296,2024-08-08,1015,1,77.32
1014155,2024-07-06,1027,1,68.01
1018089,2024-08-15,1010,1,24.39
1005034,2024-03-05,1023,2,145.9
1006757,2024-04-12,1029,1,10.14
1040422,2025-06-23,1016,3,338.19
1025066,2024-12-08,1006,1,90.26
1014260,2024-06-25,1012,2,19.24
1017516,2024-08-07,1010,1,25.74
1009175,2024-05-02,1027,1,80.01
1029198,2025-01-30,1021,1,116.75
1018923,2024-09-05,1030,1,75.75
1041942,2025-06-28,1028,1,42.95
1016016,2024-07-28,1022,2,140.1
1000543,2024-01-24,1015,1,90.97
1003550,2024-02-24,1005,1,80.12
1025331,2024-12-06,1039,2,158.02
1023096,2024-11-07,1037,1,53.57
1003208,2024-02-19,1012,3,28.86
1005003,2024-03-24,1012,1,10.16
1006619,2024-03-28,1025,1,105.25
1001983,2024-02-11,1003,1,116.92
1026638,2025-01-02,1020,1,29.43
1029810,2025-02-12,1029,1,10.14
1014851,2024-07-13,1034,1,41.07
1015971,2024-08-03,1030,1,79.74
1024416,2024-12-10,1001,1,71.72
1026527,2025-01-06,1037,1,50.89
1012502,2024-06-17,1023,1,72.95
1019864,2024-09-11,1015,2,172.84
1024139,2024-12-06,1035,1,13.67
1018114,2024-09-03,1013,2,206.96
1013899,2024-07-04,1001,2,143.44
1034822,2025-04-04,1003,1,116.92
1035721,2025-04-13,1020,1,29.43
1012729,2024-06-22,1014,2,171.24
1033595,2025-03-23,1022,2,155.66
1001675,2024-01-28,1031,3,108.21
1027724,2025-01-26,1014,1,85.62
1013174,2024-06-20,1005,1,89.02
1005431,2024-03-29,1021,2,233.5
1001318,2024-01-22,1037,1,53.57
1034845,2025-04-21,1003,2,233.84
1024000,2024-12-02,1001,3,215.16
1003335,2024-02-27,1035,2,24.6
1012823,2024-06-05,1006,1,76.72
1023407,2024-11-24,1001,1,71.72
1035625,2025-04-30,1037,1,53.57
1036648,2025-05-10,1005,1,89.02
1018548,2024-08-26,1028,2,85.9
1024890,2024-11-29,1031,1,34.27
1021288,2024-10-22,1028,1,42.95
1029742,2025-02-17,1002,1,101.12
1035148,2025-04-13,1037,1,53.57
1007464,2024-04-21,1040,1,118.94
1027414,2025-01-16,1023,2,145.9
1013993,2024-06-30,1009,1,81.2
1017777,2024-08-24,1011,1,27.29
1031292,2025-03-09,1008,1,45.67
1039480,2025-06-04,1012,2,21.38
1011176,2024-05-27,1029,3,30.42
1015277,2024-07-26,1021,3,350.25
1027646,2025-01-18,1010,1,25.74
1011987,2024-06-07,1021,1,116.75
1012382,2024-05-30,1029,1,10.14
1013960,2024-06-23,1040,3,356.82
1032982,2025-03-13,1038,1,95.77
1000507,2024-01-27,1020,1,27.96
1008063,2024-04-13,1002,1,112.35
1040142,2025-06-16,1025,1,105.25
1023726,2024-11-19,1010,2,54.2
1002191,2024-01-30,1032,1,52.82
1033504,2025-04-04,1021,2,233.5
1034602,2025-04-07,1010,2,54.2
1041754,2025-07-10,1002,3,303.36
1041902,2025-07-01,1001,1,68.13
1015876,2024-07-31,1034,1,41.07
1034103,2025-04-05,1038,2,212.82
1000848,2024-01-25,1040,1,118.94
1014989,2024-07-03,1016,1,112.73
1003015,2024-02-12,1020,2,58.86
1041996,2025-07-07,1039,1,79.01
1020633,2024-10-10,1010,2,54.2
1014152,2024-06-27,1025,1,99.99
1038814,2025-05-27,1031,3,108.21
1039693,2025-06-02,1005,1,89.02
1007155,2024-04-03,1030,1,75.75
1015968,2024-07-26,1034,1,41.07
1017621,2024-08-23,1012,1,10.69
1037271,2025-05-18,1032,1,50.18
1036382,2025-05-06,1021,1,116.75
1025362,2024-12-19,1009,1,81.2
1008467,2024-04-16,1006,1,90.26
1000031,2024-01-10,1027,1,80.01
1010982,2024-05-31,1003,1,116.92
1010850,2024-05-21,1038,3,319.23
1038074,2025-05-25,1034,1,36.96
1011951,2024-06-10,1013,2,185.18
1003777,2024-03-07,1002,1,106.73
1042314,2025-07-19,1023,1,69.3
1028557,2025-01-26,1009,3,243.6
1040225,2025-06-14,1002,1,112.35
1010652,2024-05-11,1006,2,180.52
1034620,2025-04-05,1008,1,45.67
1022495,2024-11-12,1036,1,48.64
1009292,2024-04-27,1027,3,240.03
1025661,2024-12-21,1023,2,138.6
1000770,2024-01-17,1005,2,178.04
1024232,2024-11-25,1040,1,118.94
1021508,2024-10-22,1038,1,106.41
1026398,2024-12-26,1029,3,30.42
1022956,2024-11-13,1035,2,27.34
1032799,2025-03-22,1024,1,121.93
1042383,2025-07-04,1017,2,115.34
1001728,2024-01-25,1009,1,77.14
1008529,2024-04-19,1022,1,77.83
1005722,2024-03-15,1017,1,64.08
1020262,2024-10-03,1037,1,53.57
1013995,2024-06-22,1020,2,58.86
1003879,2024-03-06,1012,3,32.07
1027818,2025-01-12,1011,2,54.58
1035266,2025-04-18,1020,2,58.86
1038762,2025-05-26,1036,1,54.05
1038092,2025-05-11,1026,1,85.97
1017256,2024-08-18,1034,1,41.07
1001667,2024-01-26,1006,2,180.52
1008093,2024-04-17,1005,1,89.02
1008456,2024-04-18,1037,1,53.57
1005131,2024-03-19,1003,1,116.92
1011287,2024-05-17,1016,3,355.98
1036172,2025-05-05,1003,1,105.23
1034866,2025-04-04,1016,1,118.66
1017597,2024-08-12,1008,2,91.34
1041356,2025-07-02,1002,1,112.35
1020764,2024-10-02,1025,1,105.25
1029509,2025-02-18,1025,1,105.25
1028151,2025-01-19,1027,1,76.01
1007084,2024-04-15,1006,3,270.78
1039953,2025-06-08,1016,3,355.98
1025347,2024-12-20,1027,1,80.01
1004181,2024-03-02,1029,1,9.13
1008698,2024-04-25,1026,1,90.49
1031464,2025-03-12,1016,1,118.66
1036153,2025-04-24,1038,1,106.41
1023803,2024-11-13,1038,1,95.77
1017200,2024-08-10,1037,1,45.53
1005205,2024-03-09,1025,1,105.25
1042349,2025-07-09,1040,1,118.94
1033486,2025-03-16,1022,1,73.94
1026251,2024-12-30,1040,1,118.94
1001104,2024-01-26,1024,1,115.16
1019198,2024-09-16,1037,1,53.57
1000633,2024-01-21,1022,1,70.05
1010915,2024-05-13,1035,1,13.67
1022719,2024-11-12,1018,1,65.72
1024577,2024-11-24,1039,2,158.02
1031766,2025-03-12,1023,3,207.9
1018395,2024-09-07,1035,3,38.97
1007186,2024-04-04,1038,1,106.41
1021075,2024-10-08,1002,1,112.35
1025812,2024-12-25,1035,3,41.01
1012290,2024-06-02,1028,1,42.95
1034105,2025-04-03,1010,2,54.2
1007360,2024-04-15,1016,2,225.46
1027223,2025-01-12,1011,1,27.29
1028342,2025-01-31,1030,2,159.48
1037675,2025-05-19,1034,2,82.14
1011313,2024-05-29,1018,2,131.44
1036812,2025-04-22,1011,1,28.73
1035410,2025-04-25,1029,3,30.42
1022689,2024-10-28,1026,1,81.44
1026775,2024-12-27,1012,2,19.24
1021957,2024-10-26,1015,1,90.97
1015614,2024-07-19,1001,1,64.55
1019611,2024-09-25,1039,2,158.02
1019117,2024-09-11,1032,1,52.82
1035079,2025-04-17,1031,3,102.81
1020348,2024-09-23,1031,1,36.07
1001340,2024-02-01,1034,2,82.14
1015498,2024-07-28,1013,1,108.93
1017772,2024-08-20,1011,3,86.19
1013933,2024-07-03,1008,1,38.82
1024618,2024-12-02,1005,1,89.02
1001923,2024-01-30,1023,2,131.32
1017505,2024-08-09,1033,2,217.44
1026754,2025-01-04,1001,1,71.72
1039490,2025-05-25,1020,1,29.43
1028754,2025-01-22,1036,1,54.05
1020277,2024-09-17,1006,1,90.26
1008542,2024-04-17,1019,1,21.77
1006986,2024-04-15,1024,3,386.13
1037121,2025-05-07,1023,1,72.95
1015235,2024-07-11,1008,2,91.34
1037391,2025-05-03,1001,1,64.55
1018638,2024-09-12,1019,1,21.77
1029390,2025-02-07,1028,1,42.95
1018243,2024-08-22,1025,2,210.5
1029051,2025-02-01,1015,1,77.32
1036882,2025-04-24,1002,1,112.35
1017353,2024-08-20,1003,1,111.07
1017072,2024-08-08,1030,3,239.22
1027633,2025-01-16,1031,2,64.92
1012877,2024-06-12,1026,1,90.49
1003796,2024-02-18,1032,1,52.82
1012575,2024-06-06,1008,3,137.01
1014167,2024-07-08,1004,1,41.23
1008837,2024-04-22,1038,2,212.82
1025584,2024-12-26,1022,2,140.1
1012115,2024-06-08,1034,1,41.07
1034211,2025-03-30,1032,2,95.08
1040533,2025-06-23,1031,1,36.07
1024825,2024-12-06,1029,1,10.14
1019501,2024-09-13,1030,1,79.74
1020861,2024-09-27,1021,2,233.5
1020238,2024-09-25,1015,2,163.74
1014688,2024-07-13,1033,1,108.72
1035825,2025-04-27,1033,1,108.72
1039900,2025-06-16,1012,1,10.69
1025194,2024-12-10,1016,1,118.66
1025294,2024-12-03,1024,1,135.48
1037919,2025-05-10,1034,3,110.88
1024156,2024-11-19,1035,1,13.67
1002106,2024-02-08,1007,1,63.1
1041997,2025-07-08,1009,1,73.08
1008338,2024-05-01,1038,2,202.18
1023483,2024-11-19,1007,1,66.42
1013530,2024-06-16,1014,2,153.22
1019652,2024-09-09,1027,2,160.02
1034284,2025-03-31,1020,2,52.98
1012376,2024-06-11,1037,1,50.89
1027641,2025-01-25,1007,2,132.84
1040540,2025-06-15,1002,1,112.35
1042317,2025-07-12,1026,1,90.49
1038589,2025-05-13,1032,1,52.82
1030677,2025-02-20,1011,1,28.73
1017723,2024-08-26,1004,1,41.23
1000233,2024-01-11,1040,1,107.05
1012285,2024-06-03,1034,1,41.07
1032923,2025-03-20,1004,1,39.17
1008427,2024-04-28,1007,1,66.42
1032580,2025-03-24,1031,2,72.14
1006508,2024-04-03,1018,1,65.72
1032100,2025-03-04,1028,3,128.85
1035738,2025-04-19,1034,2,82.14
1030272,2025-02-15,1015,1,90.97
1011148,2024-06-04,1037,1,53.57
1015823,2024-07-24,1029,1,9.63
1019547,2024-09-10,1001,1,71.72
1013727,2024-07-03,1017,3,192.24
1020699,2024-09-25,1003,1,111.07
1032427,2025-03-21,1001,1,71.72
1015409,2024-07-20,1013,1,92.59
1016230,2024-07-25,1011,3,86.19
1025715,2024-12-22,1015,1,90.97
1014651,2024-07-06,1039,2,158.02
1037056,2025-05-05,1025,1,105.25
1008092,2024-04-13,1037,1,53.57
1015173,2024-07-17,1018,2,131.44
1030500,2025-02-15,1016,1,118.66
1005180,2024-03-23,1005,1,89.02
1010100,2024-05-19,1027,1,76.01
1020335,2024-10-06,1032,3,158.46
1040419,2025-06-22,1006,3,270.78
1003725,2024-03-09,1011,2,57.46
1023852,2024-11-21,1029,1,10.14
1025223,2024-12-10,1034,1,39.02
1037986,2025-05-06,1010,1,27.1
1027436,2025-01-21,1002,1,112.35
1033736,2025-03-20,1004,1,41.23
1017949,2024-08-20,1036,1,54.05
1037347,2025-05-09,1037,1,53.57
1008879,2024-04-25,1037,1,53.57
1000234,2024-01-18,1033,2,217.44
1014410,2024-07-14,1036,1,54.05
1019986,2024-09-23,1005,2,178.04
1007897,2024-04-13,1035,1,13.67
1009054,2024-04-30,1021,3,350.25
1006168,2024-03-23,1008,3,137.01
1027547,2025-01-18,1001,1,71.72
1037590,2025-05-19,1009,1,81.2
1004407,2024-03-04,1002,1,112.35
1007853,2024-04-26,1018,1,65.72
1014207,2024-07-08,1003,1,116.92
1018500,2024-08-30,1031,2,72.14
1000916,2024-01-28,1016,2,237.32
1010567,2024-05-10,1004,1,39.17
1009776,2024-05-05,1008,2,86.78
1031533,2025-03-09,1035,2,25.98
1031223,2025-02-26,1033,1,108.72
1033409,2025-03-31,1023,2,145.9
1035816,2025-04-27,1015,2,181.94
1013968,2024-06-27,1025,2,199.98
1010986,2024-05-20,1028,1,42.95
1009565,2024-05-14,1020,3,88.29
1035563,2025-04-25,1034,3,117.06
1009752,2024-05-12,1001,1,60.96
1006660,2024-03-27,1032,1,52.82
1001159,2024-02-06,1021,1,116.75
1011105,2024-05-25,1013,1,108.93
1039471,2025-05-27,1026,3,271.47
1008850,2024-04-20,1033,2,217.44
1021944,2024-10-19,1033,1,97.85
1041095,2025-06-30,1036,2,102.7
1007466,2024-04-04,1026,3,271.47
1040026,2025-06-12,1023,1,72.95
1024864,2024-12-17,1035,1,12.3
1006026,2024-03-27,1021,1,110.91
1028050,2025-01-17,1001,2,143.44
1019370,2024-09-06,1018,2,124.86
1035373,2025-04-13,1034,1,36.96
1032104,2025-03-09,1025,1,94.72
1006928,2024-04-01,1014,2,180.26
1004715,2024-03-06,1014,2,162.24
1027177,2025-01-10,1034,1,41.07
1036499,2025-05-07,1035,1,12.99
1036123,2025-04-18,1029,1,10.14
1021221,2024-10-14,1027,1,80.01
1019592,2024-09-07,1001,1,60.96
1009995,2024-05-18,1028,2,85.9
1010267,2024-05-16,1006,2,180.52
1010674,2024-05-11,1019,2,43.54
1012733,2024-06-19,1033,1,103.28
1000962,2024-01-15,1038,1,101.09
1033598,2025-04-06,1024,1,135.48
1021791,2024-10-12,1039,1,79.01
1019960,2024-09-27,1038,3,287.31
1001981,2024-01-28,1036,1,54.05
1033023,2025-03-19,1017,2,128.16
1025613,2024-12-14,1008,1,41.1
1012243,2024-06-11,1025,2,210.5
1024779,2024-12-04,1008,1,45.67
1019672,2024-09-08,1036,1,51.35
1004119,2024-02-24,1002,2,224.7
1030529,2025-02-17,1032,1,52.82
1010394,2024-05-11,1018,1,65.72
1030751,2025-02-16,1024,1,135.48
1006958,2024-04-10,1013,1,108.93
1033666,2025-04-02,1010,1,27.1
1026259,2024-12-19,1037,2,107.14
1022053,2024-10-17,1005,2,178.04
1018702,2024-09-09,1025,1,105.25
1002981,2024-02-11,1007,1,66.42
1039632,2025-06-07,1032,2,105.64
1009362,2024-04-24,1040,2,214.1
1014727,2024-07-12,1015,2,172.84
1028338,2025-01-26,1022,1,77.83
1021940,2024-10-27,1006,2,180.52
1010907,2024-05-31,1001,2,136.26
1016980,2024-08-18,1039,2,158.02
1022561,2024-10-24,1030,1,79.74
1012075,2024-05-28,1009,2,162.4
1040840,2025-06-21,1011,2,57.46
1013897,2024-06-23,1029,1,10.14
1027043,2025-01-04,1026,2,180.98
1000393,2024-01-27,1039,1,67.16
1038741,2025-05-20,1038,2,212.82
1022345,2024-11-07,1021,2,233.5
1016902,2024-07-31,1009,2,154.28
1026646,2024-12-24,1033,2,206.56
1024943,2024-12-04,1011,3,86.19
1010109,2024-05-04,1036,1,54.05
1003190,2024-02-26,1004,1,41.23
1003086,2024-02-29,1014,1,90.13
1016524,2024-07-25,1031,2,72.14
1017236,2024-08-08,1040,2,237.88
1014656,2024-07-18,1019,1,21.77
1035467,2025-04-14,1031,2,68.54
1012393,2024-06-13,1011,1,28.73
1007617,2024-04-20,1040,1,101.1
1025844,2025-01-01,1021,1,105.08
1007909,2024-04-11,1037,3,160.71
1006627,2024-04-12,1005,1,89.02
1032380,2025-03-18,1021,1,116.75
1000163,2024-01-16,1007,1,66.42
1002460,2024-02-02,1016,2,237.32
1021426,2024-10-24,1023,2,145.9
1039049,2025-05-23,1023,1,72.95
1023950,2024-11-25,1031,2,72.14
1034989,2025-04-17,1017,1,60.88
1040515,2025-06-06,1016,1,118.66
1002939,2024-02-20,1010,1,27.1
1010597,2024-05-15,1034,2,78.04
1028588,2025-02-06,1023,2,145.9
1019573,2024-09-11,1033,1,97.85
1010494,2024-05-10,1011,1,28.73
1033574,2025-03-24,1036,1,51.35
1028104,2025-01-28,1036,3,162.15
1033525,2025-03-26,1022,1,77.83
1013574,2024-07-01,1021,1,116.75
1042386,2025-07-04,1028,1,42.95
1021098,2024-10-16,1028,1,42.95
1000762,2024-01-31,1013,1,103.48
1004426,2024-03-10,1020,1,29.43
1028877,2025-02-01,1027,1,68.01
1013693,2024-06-27,1022,2,155.66
1003813,2024-02-29,1022,1,70.05
1042184,2025-07-17,1039,2,150.12
1008674,2024-04-24,1017,1,60.88
1019169,2024-09-07,1026,1,90.49
1012861,2024-06-04,1025,2,210.5
1031127,2025-02-24,1017,2,128.16
1000164,2024-01-04,1008,1,45.67
1039786,2025-06-13,1021,1,116.75
1012846,2024-06-23,1040,1,118.94
1034689,2025-04-04,1018,1,65.72
1014655,2024-07-10,1019,1,20.68
1001339,2024-01-19,1034,1,41.07
1037828,2025-05-17,1033,1,108.72
1013892,2024-06-29,1014,1,90.13
1020434,2024-10-09,1036,1,54.05
1000198,2024-01-10,1012,1,10.16
1019444,2024-09-19,1012,1,10.69
1001959,2024-01-29,1036,1,51.35
1015434,2024-07-11,1019,1,20.68
1020722,2024-10-12,1027,3,216.03
1003679,2024-02-21,1021,1,110.91
1012324,2024-06-14,1037,1,53.57
1020842,2024-10-06,1033,2,184.82
1038528,2025-05-30,1011,1,28.73
1021165,2024-10-07,1013,1,108.93
1004032,2024-03-06,1005,1,89.02
1023119,2024-11-19,1021,2,198.48
1005146,2024-03-17,1003,3,333.21
1003665,2024-02-24,1018,1,65.72
1031162,2025-02-26,1005,1,89.02
1019278,2024-09-18,1036,2,108.1
1002870,2024-02-10,1035,1,11.62
1027672,2025-01-11,1024,2,270.96
1036807,2025-04-26,1023,2,145.9
1029715,2025-02-09,1015,2,181.94
1022809,2024-10-28,1024,2,270.96
1017740,2024-08-12,1035,1,13.67
1037259,2025-04-30,1024,1,135.48
1008238,2024-04-21,1005,1,89.02
1017239,2024-08-16,1010,1,27.1
1041225,2025-07-01,1040,2,214.1
1023287,2024-11-09,1029,1,10.14
1005252,2024-03-15,1019,2,43.54
1011101,2024-06-01,1009,1,81.2
1027930,2025-01-23,1032,1,44.9
1004485,2024-02-27,1005,1,89.02
1033763,2025-03-27,1034,1,41.07
1031232,2025-03-02,1020,2,58.86
1041131,2025-06-27,1007,2,132.84
1005019,2024-03-07,1025,1,105.25
1018851,2024-09-09,1005,2,178.04
1037404,2025-05-03,1028,1,42.95
1017999,2024-08-14,1017,1,54.47
1036420,2025-04-20,1028,1,42.95
1025515,2024-12-17,1014,3,243.36
1025993,2024-12-14,1018,1,65.72
1017776,2024-08-23,1011,2,54.58
1034774,2025-04-03,1040,1,118.94
1018189,2024-08-28,1006,1,90.26
1009371,2024-04-30,1004,2,82.46
1007118,2024-04-17,1007,3,199.26
1024783,2024-11-30,1034,1,41.07
1019463,2024-09-08,1017,2,121.76
1036852,2025-04-28,1018,2,118.3
1034425,2025-04-13,1017,1,60.88
1008334,2024-04-15,1016,1,118.66
1042044,2025-06-25,1004,1,41.23
1002459,2024-02-20,1002,1,101.12
1006090,2024-03-18,1040,1,101.1
1041320,2025-06-21,1038,1,106.41
1032133,2025-03-21,1033,2,217.44
1025493,2024-12-22,1032,1,52.82
1001966,2024-02-09,1034,1,41.07
1010824,2024-05-15,1020,1,27.96
1041064,2025-06-29,1035,2,27.34
1038772,2025-05-28,1036,1,48.64
1010123,2024-05-18,1019,3,65.31
1035651,2025-04-16,1032,2,105.64
1036998,2025-04-30,1005,1,89.02
1017892,2024-08-25,1019,1,20.68
1015049,2024-07-12,1021,2,221.82
1008571,2024-04-18,1025,3,315.75
1031773,2025-03-15,1018,1,65.72
1038582,2025-05-13,1008,1,45.67
1027136,2025-01-11,1037,1,53.57
1011130,2024-05-19,1029,1,9.63
1020211,2024-09-27,1023,1,72.95
1035807,2025-04-16,1005,1,89.02
1018208,2024-08-24,1021,1,116.75
1006496,2024-04-03,1039,2,158.02
1040733,2025-06-28,1030,2,159.48
1008010,2024-04-28,1005,1,89.02
1031709,2025-03-09,1020,1,27.96
1037491,2025-05-01,1010,2,54.2
1012407,2024-06-19,1019,1,21.77
1041401,2025-06-18,1019,1,21.77
1008366,2024-04-29,1020,1,29.43
1004533,2024-03-08,1026,3,257.91
1028397,2025-02-01,1036,1,51.35
1024830,2024-12-09,1039,1,67.16
1040332,2025-06-20,1014,1,85.62
1038675,2025-05-28,1023,1,72.95
1005653,2024-03-21,1038,1,106.41
1014165,2024-07-06,1040,2,237.88
1011200,2024-05-25,1038,1,106.41
1033547,2025-03-31,1001,2,143.44
1029860,2025-02-16,1004,2,78.34
1040832,2025-06-18,1007,2,132.84
1028971,2025-01-21,1038,1,106.41
1007051,2024-03-29,1039,3,237.03
1033571,2025-03-29,1021,2,210.16
1039537,2025-05-28,1019,1,21.77
1033146,2025-03-20,1037,1,53.57
1012842,2024-06-14,1016,3,355.98
1041322,2025-06-19,1011,3,86.19
1024669,2024-12-10,1039,1,75.06
1032775,2025-03-25,1009,1,77.14
1017788,2024-08-17,1002,2,224.7
1010498,2024-05-10,1006,1,90.26
1028238,2025-01-12,1014,1,90.13
1024868,2024-12-17,1015,2,181.94
1002526,2024-02-19,1037,1,53.57
1003907,2024-02-21,1016,1,106.79
1013479,2024-06-26,1028,1,38.66
1029925,2025-02-04,1024,1,135.48
1022573,2024-10-29,1014,1,90.13
1008131,2024-04-17,1037,1,53.57
1034804,2025-04-09,1007,3,199.26
1009440,2024-05-05,1034,2,82.14
1015880,2024-08-01,1040,2,237.88
1015693,2024-07-19,1027,1,80.01
1036890,2025-04-24,1020,1,29.43
1041620,2025-06-24,1025,2,210.5
1015435,2024-07-18,1019,1,21.77
1023023,2024-11-05,1033,1,103.28
1038184,2025-05-17,1004,2,82.46
1039360,2025-05-29,1025,3,299.97
1028374,2025-01-18,1004,1,35.05
1011062,2024-05-26,1024,1,135.48
1029550,2025-01-29,1027,2,160.02
1041074,2025-06-22,1028,1,42.95
1016974,2024-07-31,1007,1,66.42
1038442,2025-05-28,1038,1,106.41
1039182,2025-06-08,1022,1,77.83
1005759,2024-03-26,1001,2,143.44
1005465,2024-03-22,1009,3,243.6
1002720,2024-02-19,1029,1,10.14
1020558,2024-09-25,1023,1,69.3
1020786,2024-10-12,1038,2,202.18
1019521,2024-09-10,1015,1,86.42
1023325,2024-11-12,1020,2,58.86
1000934,2024-01-28,1011,1,28.73
1008784,2024-04-24,1009,1,81.2
1026252,2025-01-05,1035,1,13.67
1004093,2024-02-27,1008,2,91.34
1040472,2025-06-15,1011,3,86.19
1016630,2024-07-31,1012,2,21.38
1011857,2024-06-04,1008,2,91.34
1007402,2024-04-12,1038,1,106.41
1026706,2024-12-27,1028,1,40.8
1037920,2025-05-08,1035,2,27.34
1040376,2025-06-17,1020,2,52.98
1020636,2024-10-03,1007,1,66.42
1030730,2025-03-02,1017,2,128.16
1028848,2025-01-31,1005,1,89.02
1040004,2025-06-16,1003,2,233.84
1041028,2025-06-29,1019,3,65.31
1005081,2024-03-18,1007,3,199.26
1004713,2024-03-13,1028,1,38.66
1003958,2024-03-07,1020,3,75.06
1028206,2025-01-26,1001,1,71.72
1020155,2024-09-25,1037,1,53.57
1030485,2025-02-19,1017,3,192.24
1023286,2024-11-05,1027,1,72.01
1028405,2025-01-29,1040,1,118.94
1011879,2024-05-25,1006,3,270.78
1016885,2024-07-29,1012,1,10.69
1003966,2024-03-02,1038,1,101.09
1023964,2024-12-04,1040,1,118.94
1010662,2024-05-17,1011,2,57.46
1002340,2024-02-06,1017,1,64.08
1036316,2025-04-22,1007,1,66.42
1037237,2025-05-10,1016,1,118.66
1028116,2025-01-29,1035,2,27.34
1038872,2025-05-19,1026,1,90.49
1015669,2024-07-19,1023,1,72.95
1002225,2024-02-07,1012,1,10.69
1037911,2025-05-16,1025,1,94.72
1011196,2024-05-26,1038,1,106.41
1014789,2024-07-18,1037,1,53.57
1041233,2025-06-28,1035,2,24.6
1035730,2025-04-17,1031,3,108.21
1003082,2024-02-16,1006,2,153.44
1007126,2024-03-29,1010,1,27.1
1025327,2024-12-20,1028,1,42.95
1025940,2024-12-29,1015,1,86.42
1007188,2024-04-18,1028,2,85.9
1004203,2024-03-12,1029,1,10.14
1006373,2024-03-24,1016,1,106.79
1021846,2024-10-30,1027,1,80.01
1003206,2024-02-28,1022,1,70.05
1038849,2025-05-27,1020,2,58.86
1040286,2025-06-05,1014,2,162.24
1016909,2024-08-09,1037,2,101.78
1027847,2025-01-10,1021,1,116.75
1027626,2025-01-06,1007,2,132.84
1038791,2025-06-03,1032,2,100.36
1021906,2024-10-27,1037,2,107.14
1030064,2025-02-24,1015,1,90.97
1025337,2024-12-10,1033,1,108.72
1007628,2024-04-14,1011,2,57.46
1006370,2024-04-09,1029,2,20.28
1011032,2024-05-26,1037,2,107.14
1003071,2024-02-10,1027,1,80.01
1042303,2025-07-13,1030,1,79.74
1009236,2024-05-08,1021,2,233.5
1041790,2025-06-28,1037,3,152.67
1030568,2025-02-27,1024,1,135.48
1016888,2024-08-03,1033,2,195.7
1027280,2025-01-06,1040,1,118.94
1021356,2024-10-06,1035,1,13.67
1001684,2024-02-01,1036,1,54.05
1028527,2025-01-28,1034,1,41.07
1026739,2025-01-09,1007,1,66.42
1003074,2024-02-10,1020,2,55.92
1028097,2025-01-20,1004,1,39.17
1009808,2024-05-13,1016,3,355.98
1002746,2024-02-15,1029,1,10.14
1037224,2025-05-05,1035,2,27.34
1025763,2024-12-20,1007,1,66.42
1022562,2024-11-03,1030,2,143.54
1010467,2024-05-07,1038,1,106.41
1034697,2025-04-13,1004,1,41.23
1032417,2025-03-05,1032,3,158.46
1024070,2024-11-24,1009,1,73.08
1015037,2024-07-09,1038,1,101.09
1042061,2025-07-06,1010,1,25.74
1024882,2024-12-08,1024,1,135.48
1007183,2024-04-11,1020,3,88.29
1026372,2024-12-19,1023,1,65.66
1008047,2024-04-12,1039,1,79.01
1006351,2024-04-01,1006,1,90.26
1009775,2024-05-15,1008,2,82.2
1006250,2024-03-28,1011,1,28.73
1023882,2024-11-27,1038,2,212.82
1004788,2024-03-07,1031,1,36.07
1040435,2025-06-20,1019,1,21.77
1031158,2025-02-28,1013,3,277.77
1024222,2024-12-06,1005,1,80.12
1013452,2024-07-02,1031,1,32.46
1006750,2024-04-13,1033,2,217.44
1018703,2024-08-26,1001,1,68.13
1021117,2024-10-06,1024,2,270.96
1031055,2025-03-07,1004,1,35.05
1026737,2024-12-28,1007,2,119.56
1025285,2024-12-18,1019,1,18.5
1033168,2025-03-29,1018,2,131.44
1032125,2025-03-21,1036,1,48.64
1014135,2024-07-05,1014,1,76.61
1025495,2024-12-11,1010,2,54.2
1029052,2025-01-30,1025,1,105.25
1040559,2025-06-20,1010,2,51.48
1022024,2024-11-04,1005,1,89.02
1021702,2024-10-16,1014,2,180.26
1021647,2024-10-09,1025,1,105.25
1001786,2024-02-02,1011,1,28.73
1031363,2025-02-28,1017,2,115.34
1042466,2025-07-14,1029,2,20.28
1039931,2025-06-07,1036,1,54.05
1008218,2024-04-28,1011,2,57.46
1024541,2024-11-26,1023,1,72.95
1039586,2025-06-04,1014,1,85.62
1032317,2025-03-14,1017,1,57.67
1031053,2025-02-19,1002,3,337.05
1029267,2025-02-11,1017,1,57.67
1016100,2024-07-22,1026,1,90.49
1006101,2024-03-22,1033,2,217.44
1001558,2024-01-27,1014,2,180.26
1039795,2025-06-06,1031,3,97.38
1029863,2025-02-14,1007,1,66.42
1037855,2025-05-12,1023,1,69.3
1018969,2024-09-02,1012,2,21.38
1036729,2025-05-02,1034,3,110.88
1034127,2025-04-11,1021,2,233.5
1029934,2025-02-23,1028,1,42.95
1011109,2024-05-21,1025,1,105.25
1023439,2024-11-13,1003,1,116.92
1025555,2024-12-09,1010,1,24.39
1002364,2024-02-16,1027,2,160.02
1007863,2024-04-25,1033,1,108.72
1012423,2024-06-01,1033,1,108.72
1039853,2025-06-06,1029,2,20.28
1009914,2024-05-21,1029,1,10.14
1040301,2025-06-14,1009,1,81.2
1026366,2024-12-27,1038,1,106.41
1032806,2025-03-20,1012,2,20.32
1019761,2024-09-22,1013,1,92.59
1035080,2025-04-13,1030,1,71.77
1022166,2024-10-21,1012,3,32.07
1018996,2024-08-31,1030,1,71.77
1032347,2025-03-09,1022,1,77.83
1016514,2024-08-05,1014,1,81.12
1002529,2024-02-15,1030,2,159.48
1031123,2025-02-25,1032,2,95.08
1019740,2024-09-23,1034,1,39.02
1010057,2024-05-15,1040,1,107.05
1038634,2025-05-21,1019,1,21.77
1020461,2024-09-30,1027,1,76.01
1015259,2024-07-22,1017,2,128.16
1007347,2024-04-18,1003,3,350.76
1013581,2024-06-20,1036,1,54.05
1000069,2024-01-20,1026,1,90.49
1039523,2025-06-08,1029,1,10.14
1004730,2024-03-09,1034,2,82.14
1007142,2024-04-09,1005,1,89.02
1012086,2024-05-26,1040,1,107.05
1012890,2024-06-18,1009,1,81.2
1039659,2025-05-28,1030,2,159.48
1035375,2025-04-26,1022,1,77.83
1023612,2024-11-10,1012,3,32.07
1028099,2025-01-17,1016,1,118.66
1013765,2024-07-01,1018,1,65.72
1035274,2025-04-21,1037,2,107.14
1007185,2024-04-13,1038,1,95.77
1036628,2025-04-27,1017,3,182.64
1035032,2025-04-15,1039,1,79.01
1029723,2025-02-16,1010,1,27.1
1003203,2024-02-19,1016,1,118.66
1030858,2025-03-04,1003,1,116.92
1039706,2025-06-09,1002,1,112.35
1005137,2024-03-06,1028,1,42.95
1006208,2024-03-31,1014,2,180.26
1038800,2025-06-05,1002,1,112.35
1019775,2024-09-26,1025,1,105.25
1004140,2024-03-11,1034,2,78.04
1001160,2024-01-30,1021,1,116.75
1013984,2024-06-24,1014,1,81.12
1028925,2025-01-31,1030,2,159.48
1018907,2024-09-09,1040,2,214.1
1011771,2024-05-28,1001,1,64.55
1015110,2024-07-18,1017,3,192.24
1021976,2024-10-26,1040,1,101.1
1012013,2024-05-30,1020,3,88.29
1039984,2025-06-04,1029,1,9.63
1023623,2024-11-25,1039,1,79.01
1003977,2024-03-01,1025,1,94.72
1000465,2024-01-21,1018,1,65.72
1026733,2025-01-09,1002,1,106.73
1004498,2024-03-01,1017,2,128.16
1019490,2024-09-05,1025,2,210.5
1022045,2024-10-29,1036,1,51.35
1009275,2024-05-09,1019,1,19.59
1010912,2024-05-20,1008,2,91.34
1033521,2025-03-17,1036,1,54.05
1001144,2024-02-03,1040,1,118.94
1019873,2024-09-11,1036,2,108.1
1009240,2024-05-05,1036,1,45.94
1005072,2024-03-08,1039,2,158.02
1024124,2024-11-21,1009,1,81.2
1014489,2024-07-14,1040,1,118.94
1026601,2025-01-01,1005,1,89.02
1006013,2024-03-20,1033,1,103.28
1012951,2024-06-22,1026,1,90.49
1026255,2024-12-30,1001,1,71.72
1040976,2025-06-16,1026,1,90.49
1002229,2024-02-12,1017,1,57.67
1003124,2024-02-25,1033,1,108.72
1035418,2025-04-11,1001,1,60.96
1031139,2025-02-28,1016,3,338.19
1002530,2024-02-10,1002,2,224.7
1032547,2025-03-22,1003,2,210.46
1002941,2024-02-17,1035,1,13.67
1017030,2024-08-03,1013,3,326.79
1015369,2024-07-20,1032,2,105.64
1027296,2025-01-07,1014,2,180.26
1021685,2024-10-24,1027,2,160.02
1008087,2024-04-24,1006,2,153.44
1017803,2024-08-25,1015,2,181.94
1023588,2024-11-24,1035,1,12.99
1030234,2025-02-23,1014,1,85.62
1026953,2025-01-09,1010,1,27.1
1041539,2025-07-07,1023,1,69.3
1022098,2024-10-29,1024,1,121.93
1007373,2024-04-15,1030,2,159.48
1032493,2025-03-14,1029,1,10.14
1021394,2024-10-06,1008,1,45.67
1008241,2024-04-25,1023,1,72.95
1031693,2025-03-12,1038,2,212.82
1026664,2025-01-12,1014,1,76.61
1024524,2024-12-07,1028,2,85.9
1030844,2025-03-05,1013,1,103.48
1040447,2025-06-14,1040,2,237.88
1004851,2024-03-22,1005,2,178.04
1040686,2025-06-21,1011,1,28.73
1041248,2025-06-24,1037,1,53.57
1000092,2024-01-08,1033,3,309.84
1020077,2024-09-30,1034,3,123.21
1035728,2025-04-26,1031,1,30.66
1036770,2025-05-07,1003,2,233.84
1029962,2025-02-16,1038,2,180.9
1036587,2025-04-30,1037,2,101.78
1026325,2025-01-04,1021,1,116.75
1002336,2024-02-08,1036,1,51.35
1040383,2025-06-05,1022,1,77.83
1017832,2024-08-27,1001,1,71.72
1021990,2024-11-02,1008,3,137.01
1018835,2024-09-01,1020,1,29.43
1031086,2025-02-19,1021,1,116.75
1042240,2025-07-12,1033,1,108.72
1038142,2025-05-09,1004,2,82.46
1012333,2024-06-01,1018,1,65.72
1037816,2025-05-12,1008,1,45.67
1039009,2025-06-05,1004,1,37.11
1018730,2024-09-02,1020,2,58.86
1017885,2024-08-19,1038,2,180.9
1038280,2025-05-29,1005,1,84.57
1010835,2024-05-25,1008,1,38.82
1026890,2025-01-13,1017,2,128.16
1007280,2024-04-16,1022,1,66.16
1011706,2024-06-04,1017,1,64.08
1042107,2025-07-03,1026,1,90.49
1035331,2025-04-17,1016,2,237.32
1036975,2025-05-09,1011,1,28.73
1006209,2024-03-28,1018,2,131.44
1040784,2025-06-15,1004,2,82.46
1041757,2025-07-09,1010,1,27.1
1001385,2024-01-27,1008,2,86.78
1003405,2024-02-28,1030,1,79.74
1005876,2024-03-22,1011,2,51.72
1017856,2024-08-30,1036,2,108.1
1039782,2025-06-10,1004,3,123.69
1023839,2024-11-12,1035,1,13.67
1033240,2025-03-18,1004,1,39.17
1030892,2025-02-24,1012,1,10.16
1032069,2025-03-18,1039,1,75.06
1040334,2025-06-03,1001,3,215.16
1041223,2025-06-20,1020,3,88.29
1039071,2025-06-03,1007,2,132.84
1029758,2025-02-04,1029,1,10.14
1007478,2024-04-22,1010,2,54.2
1016052,2024-08-04,1038,2,212.82
1014383,2024-07-04,1014,2,171.24
1039768,2025-06-12,1026,3,257.91
1014711,2024-07-16,1034,1,41.07
1035783,2025-05-02,1022,2,140.1
1010381,2024-05-12,1004,1,41.23
1007843,2024-04-20,1019,1,21.77
1000809,2024-01-18,1036,1,51.35
1002418,2024-02-15,1008,3,137.01
1003904,2024-02-23,1016,1,106.79
1003723,2024-03-03,1010,2,54.2
1018837,2024-09-15,1038,1,106.41
1034100,2025-03-29,1039,1,79.01
1001306,2024-01-22,1014,1,90.13
1009698,2024-04-30,1015,1,86.42
1018504,2024-08-25,1015,1,90.97
1004830,2024-03-09,1017,2,128.16
1036695,2025-05-02,1001,2,143.44
1008820,2024-05-03,1037,2,107.14
1028398,2025-01-17,1033,1,108.72
1033974,2025-03-22,1010,1,27.1
1011602,2024-05-25,1013,2,206.96
1037418,2025-05-16,1040,2,202.2
1019909,2024-09-15,1013,2,206.96
1015479,2024-07-20,1014,1,90.13
1042164,2025-06-29,1002,1,112.35
1026160,2024-12-17,1003,1,111.07
1023146,2024-11-04,1003,3,315.69
1018387,2024-08-23,1028,1,42.95
1000868,2024-01-13,1013,1,108.93
1028871,2025-01-30,1016,1,112.73
1000447,2024-01-27,1039,1,75.06
1006892,2024-04-16,1033,3,326.16
1039318,2025-05-30,1032,1,52.82
1041433,2025-06-24,1036,2,91.88
1018639,2024-08-30,1017,3,192.24
1031828,2025-03-13,1011,2,48.84
1031133,2025-02-23,1006,1,90.26
1024425,2024-12-09,1024,2,270.96
1003469,2024-02-20,1035,1,13.67
1000174,2024-01-20,1014,2,180.26
1035187,2025-04-06,1020,1,29.43
1036454,2025-05-01,1025,1,105.25
1000288,2024-01-07,1040,1,112.99
1023196,2024-11-05,1036,1,51.35
1042334,2025-07-13,1039,1,79.01
1021265,2024-10-18,1026,2,180.98
1037680,2025-05-14,1025,1,105.25
1019766,2024-09-28,1016,3,338.19
1035961,2025-04-27,1037,1,53.57
1000811,2024-01-17,1022,1,77.83
1030391,2025-02-17,1039,1,67.16
1018347,2024-09-05,1002,2,213.46
1003144,2024-02-22,1035,2,27.34
1035139,2025-04-18,1008,1,45.67
1002523,2024-02-03,1002,2,213.46
1006613,2024-04-09,1017,2,128.16
1009657,2024-05-13,1007,1,66.42
1031154,2025-03-06,1025,1,105.25
1008029,2024-04-21,1040,2,214.1
1026636,2025-01-02,1035,1,13.67
1033733,2025-04-07,1001,3,204.39
1010170,2024-05-13,1003,2,233.84
1014458,2024-07-12,1026,2,171.94
1022255,2024-10-20,1013,2,217.86
1007279,2024-04-08,1015,2,181.94
1012736,2024-06-10,1040,3,356.82
1022310,2024-10-28,1012,1,10.69
1022724,2024-11-09,1017,1,60.88
1037376,2025-05-10,1022,1,77.83
1012592,2024-06-08,1035,1,13.67
1015208,2024-07-10,1005,3,267.06
1029197,2025-01-31,1011,3,86.19
1019436,2024-09-14,1028,1,42.95
1010651,2024-05-29,1024,1,135.48
1008717,2024-04-18,1038,1,101.09
1019854,2024-09-16,1031,1,36.07
1032712,2025-03-08,1032,1,52.82
1014395,2024-07-05,1026,1,90.49
1020702,2024-10-10,1033,1,108.72
1023004,2024-11-15,1033,1,92.41
1031961,2025-03-10,1020,1,29.43
1034053,2025-04-12,1024,1,135.48
1030936,2025-03-01,1021,1,116.75
1034759,2025-04-20,1001,1,71.72
1017654,2024-08-21,1012,3,32.07
1009422,2024-04-27,1014,1,85.62
1019691,2024-09-27,1026,1,90.49
1008565,2024-04-30,1036,2,102.7
1010315,2024-05-11,1018,2,131.44
1036957,2025-05-08,1033,1,103.28
1028823,2025-02-02,1005,1,89.02
1019328,2024-09-02,1033,2,217.44
1002449,2024-02-02,1014,3,256.86
1017616,2024-08-26,1015,2,154.64
1023295,2024-11-11,1036,3,162.15
1024664,2024-12-12,1017,3,192.24
1008789,2024-05-07,1035,3,41.01
1001972,2024-02-03,1033,1,108.72
1025138,2024-12-18,1017,1,64.08
1004705,2024-02-29,1024,2,270.96
1000460,2024-01-16,1025,1,89.46
1018433,2024-09-09,1017,1,64.08
1007072,2024-04-08,1031,2,72.14
1023468,2024-11-09,1029,2,20.28
1027884,2025-01-19,1026,2,180.98
1019037,2024-09-08,1025,1,105.25
1007107,2024-04-02,1040,2,237.88
1002862,2024-02-14,1002,3,337.05
1029683,2025-02-10,1040,2,237.88
1030797,2025-02-24,1017,1,64.08
1018372,2024-08-25,1008,1,45.67
1015266,2024-07-21,1017,1,57.67
1025357,2024-12-06,1032,2,105.64
1003495,2024-02-16,1039,1,67.16
1014719,2024-07-02,1036,3,162.15
1019831,2024-09-27,1035,3,41.01
1034717,2025-04-06,1020,1,29.43
1024653,2024-11-28,1007,1,56.46
1013555,2024-06-18,1018,1,65.72
1003163,2024-02-16,1026,1,90.49
1010629,2024-05-29,1003,2,233.84
1020750,2024-09-26,1006,1,90.26
1018041,2024-08-16,1029,1,9.13
1031589,2025-03-13,1038,3,319.23
1006408,2024-03-27,1005,2,178.04
1000146,2024-01-07,1009,1,81.2
1037001,2025-04-25,1013,3,326.79
1014553,2024-07-10,1007,1,66.42
1017173,2024-08-15,1005,2,178.04
1026682,2024-12-30,1002,1,112.35
1027551,2025-01-19,1039,2,150.12
1019157,2024-09-13,1017,1,60.88
1003526,2024-02-22,1030,3,239.22
1018432,2024-09-03,1017,2,121.76
1011296,2024-05-24,1023,1,72.95
1003085,2024-02-25,1014,1,85.62
1028715,2025-02-07,1018,2,131.44
1025426,2024-12-06,1033,2,217.44
1026132,2024-12-25,1015,3,272.91
1033696,2025-03-23,1028,1,42.95
1017438,2024-08-24,1023,1,72.95
1000134,2024-01-03,1025,1,105.25
1019603,2024-09-17,1028,1,42.95
1039806,2025-06-05,1014,1,81.12
1037238,2025-05-08,1013,1,108.93
1035599,2025-04-29,1015,1,77.32
1006454,2024-03-27,1015,1,90.97
1041360,2025-06-28,1021,1,116.75
1020572,2024-10-06,1018,1,65.72
1027762,2025-01-13,1030,1,79.74
1023791,2024-11-16,1040,1,118.94
1037100,2025-05-02,1030,1,79.74
1016984,2024-08-01,1034,3,123.21
1037373,2025-05-02,1019,2,43.54
1033125,2025-03-24,1001,1,71.72
1015160,2024-07-11,1038,2,212.82
1028375,2025-01-27,1009,3,243.6
1041899,2025-06-24,1015,1,90.97
1032265,2025-03-21,1004,1,41.23
1007415,2024-04-07,1032,3,158.46
1017144,2024-08-10,1009,2,162.4
1041182,2025-06-25,1036,3,137.82
1009105,2024-04-30,1016,1,118.66
1040908,2025-07-01,1034,2,82.14
1036980,2025-04-29,1026,1,90.49
1022720,2024-10-29,1010,1,27.1
1031528,2025-03-11,1025,2,210.5
1007857,2024-04-11,1011,1,27.29
1003500,2024-02-17,1012,3,32.07
1020940,2024-10-17,1006,2,180.52
1013412,2024-06-25,1003,1,116.92
1032037,2025-03-19,1039,2,142.22
1031994,2025-03-18,1032,2,105.64
1029867,2025-02-21,1028,1,38.66
1025381,2024-12-20,1005,3,267.06
1020389,2024-09-20,1031,1,30.66
1008231,2024-04-22,1003,2,233.84
1004278,2024-03-01,1001,1,71.72
1037742,2025-05-05,1017,1,60.88
1034815,2025-03-31,1020,3,88.29
1014692,2024-07-02,1001,2,143.44
1029597,2025-02-06,1034,1,41.07
1001932,2024-01-29,1014,1,90.13
1039014,2025-06-02,1033,1,108.72
1016970,2024-08-12,1004,2,82.46
1008123,2024-04-16,1022,1,70.05
1040897,2025-06-29,1026,1,90.49
1014149,2024-07-11,1009,1,73.08
1004445,2024-02-29,1026,1,90.49
1034582,2025-04-18,1005,1,89.02
1013052,2024-06-25,1032,1,44.9
1010659,2024-05-27,1011,1,28.73
1027705,2025-01-07,1009,3,231.42
1004153,2024-03-09,1019,1,21.77
1004741,2024-03-12,1010,1,27.1
1027553,2025-01-09,1015,1,90.97
1040588,2025-06-18,1021,1,116.75
1005304,2024-03-23,1020,3,83.88
1040320,2025-06-12,1038,1,90.45
1033803,2025-03-25,1024,2,257.42
1036871,2025-04-25,1031,1,36.07
1009058,2024-04-21,1030,2,159.48
1003779,2024-02-24,1024,1,135.48
1033495,2025-03-22,1006,1,90.26
1027312,2025-01-07,1005,1,89.02
1017014,2024-08-01,1030,1,79.74
1024613,2024-12-14,1011,1,27.29
1021660,2024-10-21,1008,1,45.67
1042235,2025-07-17,1016,2,237.32
1015999,2024-07-16,1003,1,105.23
1016807,2024-08-15,1030,1,79.74
1006699,2024-03-31,1022,2,155.66
1023473,2024-11-17,1040,1,118.94
1027677,2025-01-13,1025,1,105.25
1006515,2024-03-22,1029,2,20.28
1017936,2024-08-25,1015,1,90.97
1020805,2024-10-09,1019,3,62.04
1041968,2025-07-14,1024,3,386.13
1023192,2024-11-08,1014,1,90.13
1034409,2025-04-14,1015,1,86.42
1015680,2024-07-13,1029,1,10.14
1037552,2025-05-03,1007,3,189.3
1038715,2025-05-16,1003,1,116.92
1039296,2025-06-08,1020,1,29.43
1018326,2024-09-01,1028,1,40.8
1023572,2024-11-16,1014,1,90.13
1041030,2025-06-24,1019,1,21.77
1035197,2025-04-10,1034,2,82.14
1020011,2024-09-27,1034,1,41.07
1027131,2025-01-18,1010,2,48.78
1037958,2025-05-17,1026,2,180.98
1006877,2024-03-30,1029,2,18.26
1036232,2025-05-02,1009,2,162.4
1031315,2025-03-04,1019,1,20.68
1034862,2025-04-01,1012,3,30.48
1025284,2024-12-23,1028,1,42.95
1041224,2025-07-03,1022,1,77.83
1013637,2024-06-19,1037,1,50.89
1035649,2025-04-10,1008,1,43.39
1037195,2025-05-03,1032,1,52.82
1019659,2024-09-26,1034,2,82.14
1020776,2024-10-14,1012,3,32.07
1021787,2024-10-20,1026,1,85.97
